Naziv proizvoda;Šifra proizvoda;Marka proizvoda;Neto količina;Jedinica mjere;Maloprodajna cijena;Cijena za jedinicu mjere;MPC za vrijeme posebnog oblika prodaje;Poseban oblik prodaje;Najniža cijena u posljednjih 30 dana;Sidrena cijena;Barkod;Dostupnost;Valuta
3u1 Deka Soft Leptir - 200x230cm GRATIS jastučnice - Bež;52022831382867;Tekstilko;;kom;26,99;;;;26,99;26,99;;DA;EUR
3u1 Deka Soft Leptir - 200x230cm GRATIS jastučnice - Lila;52022831350099;Tekstilko;;kom;26,99;;;;26,99;26,99;;DA;EUR
3u1 Deka Soft Leptir - 200x230cm GRATIS jastučnice - Roza;52022831251795;Tekstilko;;kom;26,99;;;;26,99;26,99;;DA;EUR
3u1 Deka Soft Leptir - 200x230cm GRATIS jastučnice - Siva;52022831448403;Tekstilko;;kom;26,99;;;;26,99;26,99;;DA;EUR
3u1 Deka Soft Leptir - 200x230cm GRATIS jastučnice - Svijetlo siva;52022831317331;Tekstilko;;kom;26,99;;;;26,99;26,99;;DA;EUR
3u1 Deka Soft Leptir - 200x230cm GRATIS jastučnice - Tamno siva;52022831415635;Tekstilko;;kom;26,99;;;;26,99;26,99;;DA;EUR
3u1 Deka Soft Leptir - 200x230cm GRATIS jastučnice - Zelena;52022831284563;Tekstilko;;kom;26,99;;;;26,99;26,99;;DA;EUR
Auto punjač - New Science PC-01 - Bijela;53583374123347;Lotus Centar;;kom;10,50;;;;10,50;10,50;;DA;EUR
Auto punjač - New Science PC-01 - Crna;53583374090579;Lotus Centar;;kom;10,50;;;;10,50;10,50;;DA;EUR
Auto punjač - New Science SLD-C03 - Bijela;53583374025043;Lotus Centar;;kom;10,90;;;;10,90;10,90;;DA;EUR
Auto punjač - New Science SLD-C03 - Crna;53583374057811;Lotus Centar;;kom;10,90;;;;10,90;10,90;;DA;EUR
BE-09 Bežične Slušalice s Hi-Fi Zvukom;53580817891667;KIKY STORE;;kom;15,90;;;;15,90;15,90;;DA;EUR
BE-10 Prozirne Bežične Slušalice s Hi-Fi Zvukom;53580817826131;KIKY STORE;;kom;15,90;;;;15,90;15,90;;DA;EUR
Bežične Bluetooth slušalice BE-14 s Hi-Fi zvukom;53580817793363;KIKY STORE;;kom;16,90;;;;16,90;16,90;;DA;EUR
Bežične Bluetooth slušalice J-12 s Hi-Fi zvukom;53580813533523;KIKY STORE;;kom;19,90;;;;19,90;19,90;;DA;EUR
Bežične Bluetooth slušalice J-14;53580817662291;KIKY STORE;;kom;17,80;;;;17,80;17,80;;DA;EUR
Bežične Slušalice A-622 – Bijele;53580817367379;KIKY STORE;;kom;24,70;;;;24,70;24,70;;DA;EUR
Bežične Slušalice A-622 – Crne;53580817334611;KIKY STORE;;kom;24,70;;;;24,70;24,70;;DA;EUR
Bežične slušalice A-628 - Bijela;53580814090579;KIKY STORE;;kom;23,00;;;;23,00;23,00;;DA;EUR
Bežične slušalice A-628 - Siva;53580814057811;KIKY STORE;;kom;23,00;;;;23,00;23,00;;DA;EUR
Bežične slušalice A-628 – Bijele;53580817301843;KIKY STORE;;kom;24,50;;;;24,50;24,50;;DA;EUR
Bežične slušalice A-628 – Crna;53580817236307;KIKY STORE;;kom;24,50;;;;24,50;24,50;;DA;EUR
Bežične slušalice A-628 – Crvena;53580813959507;KIKY STORE;;kom;24,50;;;;24,50;24,50;;DA;EUR
Bežične slušalice A-628 – Ljubičasta;53580813926739;KIKY STORE;;kom;24,50;;;;24,50;24,50;;DA;EUR
Bežične slušalice A-628 – zelene;53580817170771;KIKY STORE;;kom;24,50;;;;24,50;24,50;;DA;EUR
Bežične slušalice A-636-1;53580813893971;KIKY STORE;;kom;29,99;;;;29,99;29,99;;DA;EUR
Bežične slušalice s mačjim ušima A-626 - Bijele;53580816941395;New Science;;kom;29,90;;;;29,90;29,90;;DA;EUR
Bežične slušalice s mačjim ušima A-626 - Crne;53580810846547;New Science;;kom;29,90;;;;29,90;29,90;;DA;EUR
Bežični Auto Punjač - New Science WX-18;53583373893971;Lotus Centar;;kom;23,90;;;;23,90;23,90;;DA;EUR
Bežični Auto Punjač i Nosač - New Science WI-10 - Bijela;53583373959507;Lotus Centar;;kom;16,25;;;;16,25;16,25;;DA;EUR
Bežični Auto Punjač i Nosač - New Science WI-10 - Crna;53583373992275;Lotus Centar;;kom;16,25;;;;16,25;16,25;;DA;EUR
Bežični Auto Punjač s Nosačem - New Science WX-09;53583373926739;Lotus Centar;;kom;16,25;;;;16,25;16,25;;DA;EUR
Bluetooth lampa punjać - 3u1;53580866650451;KIKY STORE;;kom;19,95;;;;19,95;19,95;;DA;EUR
Bluetooth lampa punjać - 4u1 (verzija sa satom budilicom);53580866683219;KIKY STORE;;kom;25,55;;;;25,55;25,55;;DA;EUR
BT 5.0 Mačje Uho Bežične Slušalice A-633 – Zelene;53580815302995;KIKY STORE;;kom;29,90;;;;29,90;29,90;;DA;EUR
Bubble deka (200x230) - 1;52291993698643;DomTex;;kom;19,99;;;;19,99;19,99;;DA;EUR
Bubble deka (200x230) - 2;52291993731411;DomTex;;kom;19,99;;;;19,99;19,99;;DA;EUR
Bubble deka (200x230) - 3;52291993764179;DomTex;;kom;19,99;;;;19,99;19,99;;DA;EUR
Bubble deka (200x230) - 4;52291993796947;DomTex;;kom;19,99;;;;19,99;19,99;;DA;EUR
Bubble deka (200x230) - 5;52291993829715;DomTex;;kom;19,99;;;;19,99;19,99;;DA;EUR
Bubble deka (200x230) - 6;52291993862483;DomTex;;kom;19,99;;;;19,99;19,99;;DA;EUR
Bubble deka (200x230) - 7;52291993895251;DomTex;;kom;19,99;;;;19,99;19,99;;DA;EUR
Bundle Builder #1;53580991594835;DomTex;;kom;0,00;;;;0,00;0,00;;DA;EUR
Daily deka - 1;52998693847379;Tekstilko;;kom;17,99;;;;17,99;17,99;;DA;EUR
Daily deka - 2;52998693880147;Tekstilko;;kom;17,99;;;;17,99;17,99;;DA;EUR
Daily deka - 3;52998693912915;Tekstilko;;kom;17,99;;;;17,99;17,99;;DA;EUR
Daily deka - 4;52998693945683;Tekstilko;;kom;17,99;;;;17,99;17,99;;DA;EUR
Daily deka - 5;52998693978451;Tekstilko;;kom;17,99;;;;17,99;17,99;;DA;EUR
Daily deka - 6;52998694011219;Tekstilko;;kom;17,99;;;;17,99;17,99;;DA;EUR
Daily deka - 7;52998694043987;Tekstilko;;kom;17,99;;;;17,99;17,99;;DA;EUR
Debela deka - 150x200 - 1;52022830989651;Tekstilko;;kom;24,99;;;;24,99;24,99;;DA;EUR
Debela deka - 150x200 - 2;52022831022419;Tekstilko;;kom;24,99;;;;24,99;24,99;;DA;EUR
Debela deka - 150x200 - 3;52022831055187;Tekstilko;;kom;24,99;;;;24,99;24,99;;DA;EUR
Debela deka - 150x200 - 4;52022831087955;Tekstilko;;kom;24,99;;;;24,99;24,99;;DA;EUR
Debela deka - 150x200 - 5;52022831120723;Tekstilko;;kom;24,99;;;;24,99;24,99;;NE;EUR
Debela deka - 150x200 - 6;52022831153491;Tekstilko;;kom;24,99;;;;24,99;24,99;;DA;EUR
Debela deka - 150x200 - 7;52022831186259;Tekstilko;;kom;24,99;;;;24,99;24,99;;DA;EUR
Deka cvijet - 1;51664586834259;DomTex;;kom;19,99;;;;19,99;19,99;;DA;EUR
Deka cvijet - 2;51664586867027;DomTex;;kom;19,99;;;;19,99;19,99;;DA;EUR
Deka cvijet - 3;51664586899795;DomTex;;kom;19,99;;;;19,99;19,99;;DA;EUR
Deka cvijet - 4;51664586932563;DomTex;;kom;19,99;;;;19,99;19,99;;DA;EUR
Deka cvijet - 5;51664586965331;DomTex;;kom;19,99;;;;19,99;19,99;;DA;EUR
Deka cvijet - 6;51664586998099;DomTex;;kom;19,99;;;;19,99;19,99;;DA;EUR
Deka cvijet - 7;51664587030867;DomTex;;kom;19,99;;;;19,99;19,99;;DA;EUR
Deka duplo 200x240 cm – topla, mekana i savršena za zimske noći! ❄️ - #1;52233204924755;DomTex;;kom;42,99;;;;42,99;42,99;;DA;EUR
Deka duplo 200x240 cm – topla, mekana i savršena za zimske noći! ❄️ - #10;52233205219667;DomTex;;kom;42,99;;;;42,99;42,99;;DA;EUR
Deka duplo 200x240 cm – topla, mekana i savršena za zimske noći! ❄️ - #11;52233205252435;DomTex;;kom;42,99;;;;42,99;42,99;;DA;EUR
Deka duplo 200x240 cm – topla, mekana i savršena za zimske noći! ❄️ - #12;52233205285203;DomTex;;kom;42,99;;;;42,99;42,99;;DA;EUR
Deka duplo 200x240 cm – topla, mekana i savršena za zimske noći! ❄️ - #13;52233205317971;DomTex;;kom;42,99;;;;42,99;42,99;;DA;EUR
Deka duplo 200x240 cm – topla, mekana i savršena za zimske noći! ❄️ - #2;52233204957523;DomTex;;kom;42,99;;;;42,99;42,99;;DA;EUR
Deka duplo 200x240 cm – topla, mekana i savršena za zimske noći! ❄️ - #3;52233204990291;DomTex;;kom;42,99;;;;42,99;42,99;;DA;EUR
Deka duplo 200x240 cm – topla, mekana i savršena za zimske noći! ❄️ - #4;52233205023059;DomTex;;kom;42,99;;;;42,99;42,99;;DA;EUR
Deka duplo 200x240 cm – topla, mekana i savršena za zimske noći! ❄️ - #5;52233205055827;DomTex;;kom;42,99;;;;42,99;42,99;;DA;EUR
Deka duplo 200x240 cm – topla, mekana i savršena za zimske noći! ❄️ - #6;52233205088595;DomTex;;kom;42,99;;;;42,99;42,99;;DA;EUR
Deka duplo 200x240 cm – topla, mekana i savršena za zimske noći! ❄️ - #7;52233205121363;DomTex;;kom;42,99;;;;42,99;42,99;;DA;EUR
Deka duplo 200x240 cm – topla, mekana i savršena za zimske noći! ❄️ - #8;52233205154131;DomTex;;kom;42,99;;;;42,99;42,99;;DA;EUR
Deka duplo 200x240 cm – topla, mekana i savršena za zimske noći! ❄️ - #9;52233205186899;DomTex;;kom;42,99;;;;42,99;42,99;;DA;EUR
Deka ELEGANCE 200x230 cm - #1;50402636693843;Tekstilko;;kom;39,99;;;;39,99;39,99;;DA;EUR
Deka ELEGANCE 200x230 cm - #2;50402636726611;Tekstilko;;kom;39,99;;;;39,99;39,99;;DA;EUR
Deka ELEGANCE 200x230 cm - #3;50402636759379;Tekstilko;;kom;39,99;;;;39,99;39,99;;DA;EUR
Deka ELEGANCE 200x230 cm - #4;50402636792147;Tekstilko;;kom;39,99;;;;39,99;39,99;;DA;EUR
Deka ELEGANCE 200x230 cm - #5;50402636824915;Tekstilko;;kom;39,99;;;;39,99;39,99;;DA;EUR
Deka ELEGANCE 200x230 cm - #6;50402636857683;Tekstilko;;kom;39,99;;;;39,99;39,99;;DA;EUR
Deka HEX s krznom (200x230) - 1;52292047470931;DomTex;;kom;25,99;;;;25,99;25,99;;DA;EUR
Deka HEX s krznom (200x230) - 2;52292047503699;DomTex;;kom;25,99;;;;25,99;25,99;;DA;EUR
Deka HEX s krznom (200x230) - 3;52292047536467;DomTex;;kom;25,99;;;;25,99;25,99;;DA;EUR
Deka HEX s krznom (200x230) - 4;52292047569235;DomTex;;kom;25,99;;;;25,99;25,99;;DA;EUR
Deka HEX s krznom (200x230) - 5;52292047602003;DomTex;;kom;25,99;;;;25,99;25,99;;DA;EUR
Deka HEX s krznom (200x230) - 6;52292047634771;DomTex;;kom;25,99;;;;25,99;25,99;;DA;EUR
Deka HEX s krznom (200x230) - 7;52292047667539;DomTex;;kom;25,99;;;;25,99;25,99;;DA;EUR
"Deka za bračni krevet ""Velvet"" - #1";50456062787923;Tekstilko;;kom;27,99;;;;27,99;27,99;;NE;EUR
"Deka za bračni krevet ""Velvet"" - #2";50456062820691;Tekstilko;;kom;27,99;;;;27,99;27,99;;DA;EUR
"Deka za bračni krevet ""Velvet"" - #3";50456062853459;Tekstilko;;kom;27,99;;;;27,99;27,99;;DA;EUR
"Deka za bračni krevet ""Velvet"" - #4";50456062886227;Tekstilko;;kom;27,99;;;;27,99;27,99;;DA;EUR
"Deka za bračni krevet ""Velvet"" - #5";50456062918995;Tekstilko;;kom;27,99;;;;27,99;27,99;;DA;EUR
"Deka za bračni krevet ""Velvet"" - #6";50456062951763;Tekstilko;;kom;27,99;;;;27,99;27,99;;DA;EUR
"Deka za bračni krevet ""Velvet"" - #7";50456062984531;Tekstilko;;kom;27,99;;;;27,99;27,99;;DA;EUR
Dekorativna deka - 1;51903654953299;DomTex;;kom;19,99;;;;19,99;19,99;;DA;EUR
Dekorativna deka - 2;51903654986067;DomTex;;kom;19,99;;;;19,99;19,99;;DA;EUR
Dekorativna deka - 3;51903655018835;DomTex;;kom;19,99;;;;19,99;19,99;;DA;EUR
Dekorativna deka - 4;51903655051603;DomTex;;kom;19,99;;;;19,99;19,99;;DA;EUR
Dekorativna deka - 5;51903655084371;DomTex;;kom;19,99;;;;19,99;19,99;;DA;EUR
Deluxe soft deka 200x230cm - #1;50456194056531;Tekstilko;;kom;15,99;;;;15,99;15,99;;NE;EUR
Deluxe soft deka 200x230cm - #10;50456194351443;Tekstilko;;kom;15,99;;;;15,99;15,99;;NE;EUR
Deluxe soft deka 200x230cm - #11;50456194384211;Tekstilko;;kom;15,99;;;;15,99;15,99;;NE;EUR
Deluxe soft deka 200x230cm - #2;50456194089299;Tekstilko;;kom;15,99;;;;15,99;15,99;;NE;EUR
Deluxe soft deka 200x230cm - #3;50456194122067;Tekstilko;;kom;15,99;;;;15,99;15,99;;NE;EUR
Deluxe soft deka 200x230cm - #4;50456194154835;Tekstilko;;kom;15,99;;;;15,99;15,99;;NE;EUR
Deluxe soft deka 200x230cm - #5;50456194187603;Tekstilko;;kom;15,99;;;;15,99;15,99;;NE;EUR
Deluxe soft deka 200x230cm - #6;50456194220371;Tekstilko;;kom;15,99;;;;15,99;15,99;;NE;EUR
Deluxe soft deka 200x230cm - #7;50456194253139;Tekstilko;;kom;15,99;;;;15,99;15,99;;NE;EUR
Deluxe soft deka 200x230cm - #8;50456194285907;Tekstilko;;kom;15,99;;;;15,99;15,99;;NE;EUR
Deluxe soft deka 200x230cm - #9;50456194318675;Tekstilko;;kom;15,99;;;;15,99;15,99;;NE;EUR
Dvostruki organizator ladica s prugama;50401780171091;Tekstilko;;kom;9,99;;;;9,99;9,99;;DA;EUR
Ekstra soft deka 200×230 cm - #1;50462235230547;Tekstilko;;kom;14,99;;;;14,99;14,99;;DA;EUR
Ekstra soft deka 200×230 cm - #2;50462235263315;Tekstilko;;kom;14,99;;;;14,99;14,99;;DA;EUR
Ekstra soft deka 200×230 cm - #3;50462235296083;Tekstilko;;kom;14,99;;;;14,99;14,99;;DA;EUR
Ekstra soft deka 200×230 cm - #4;50462235328851;Tekstilko;;kom;14,99;;;;14,99;14,99;;DA;EUR
Ekstra soft deka 200×230 cm - #5;50462235361619;Tekstilko;;kom;14,99;;;;14,99;14,99;;DA;EUR
Ekstra soft deka 200×230 cm - #6;50462235394387;Tekstilko;;kom;14,99;;;;14,99;14,99;;DA;EUR
Ekstra soft deka 200×230 cm - #7;50462235427155;Tekstilko;;kom;14,99;;;;14,99;14,99;;DA;EUR
Ekstra soft deka 200×230 cm - #8;50462235459923;Tekstilko;;kom;14,99;;;;14,99;14,99;;DA;EUR
Ekstra soft deka 200×230 cm - #9;50462235492691;Tekstilko;;kom;14,99;;;;14,99;14,99;;DA;EUR
Fluffy deka 200x230 cm – savršena mekoća i toplina! 💤 - #1 tamno siva;52232824291667;DomTex;;kom;39,99;;;;39,99;39,99;;DA;EUR
Fluffy deka 200x230 cm – savršena mekoća i toplina! 💤 - #2 svijetlo siva;52232824324435;DomTex;;kom;39,99;;;;39,99;39,99;;DA;EUR
Fluffy deka 200x230 cm – savršena mekoća i toplina! 💤 - #3 roza;52232824357203;DomTex;;kom;39,99;;;;39,99;39,99;;DA;EUR
Fluffy deka 200x230 cm – savršena mekoća i toplina! 💤 - #4 bež;52232824389971;DomTex;;kom;39,99;;;;39,99;39,99;;DA;EUR
Fluffy deka 200x230 cm – savršena mekoća i toplina! 💤 - #5 tamna bež;52504924553555;DomTex;;kom;39,99;;;;39,99;39,99;;DA;EUR
Fur deka - 1 / 150x200;52998695354707;Tekstilko;;kom;22,99;;;;22,99;22,99;;DA;EUR
Fur deka - 1 / 200x230;52998695321939;Tekstilko;;kom;26,99;;;;26,99;26,99;;DA;EUR
Fur deka - 2 / 150x200;52998695420243;Tekstilko;;kom;22,99;;;;22,99;22,99;;DA;EUR
Fur deka - 2 / 200x230;52998695387475;Tekstilko;;kom;26,99;;;;26,99;26,99;;DA;EUR
Fur deka - 3 / 150x200;52998695485779;Tekstilko;;kom;22,99;;;;22,99;22,99;;DA;EUR
Fur deka - 3 / 200x230;52998695453011;Tekstilko;;kom;26,99;;;;26,99;26,99;;DA;EUR
Fur deka - 4 / 150x200;52998695551315;Tekstilko;;kom;22,99;;;;22,99;22,99;;DA;EUR
Fur deka - 4 / 200x230;52998695518547;Tekstilko;;kom;26,99;;;;26,99;26,99;;DA;EUR
Fur deka - 5 / 150x200;52998695616851;Tekstilko;;kom;22,99;;;;22,99;22,99;;DA;EUR
Fur deka - 5 / 200x230;52998695584083;Tekstilko;;kom;26,99;;;;26,99;26,99;;DA;EUR
Fur deka - 6 / 150x200;52998695682387;Tekstilko;;kom;22,99;;;;22,99;22,99;;DA;EUR
Fur deka - 6 / 200x230;52998695649619;Tekstilko;;kom;26,99;;;;26,99;26,99;;DA;EUR
Fur deka - 7 / 150x200;52998695747923;Tekstilko;;kom;22,99;;;;22,99;22,99;;DA;EUR
Fur deka - 7 / 200x230;52998695715155;Tekstilko;;kom;26,99;;;;26,99;26,99;;DA;EUR
Fur deka - 8 / 150x200;52998695813459;Tekstilko;;kom;22,99;;;;22,99;22,99;;DA;EUR
Fur deka - 8 / 200x230;52998695780691;Tekstilko;;kom;26,99;;;;26,99;26,99;;DA;EUR
Hipoalergena Vodootporna jastučnica 2+2 GRATIS - 50x70 cm;50709852782931;Tekstilko;;kom;13,99;;;;13,99;13,99;;DA;EUR
Hipoalergena Vodootporna jastučnica 2+2 GRATIS - 60x80 cm;50709852750163;Tekstilko;;kom;14,99;;;;14,99;14,99;;DA;EUR
J-15 Bežične Slušalice s LED Zaslonom;53580815204691;KIKY STORE;;kom;19,90;;;;19,90;19,90;;DA;EUR
J-17 Bežične Slušalice s Hi-Fi Zvukom;53580813697363;KIKY STORE;;kom;15,90;;;;15,90;15,90;;DA;EUR
Jastuk sa silikonskim granulama 50x70, 60x80 - 50x70 cm (1000g);50502356402515;Tekstilko;;kom;17,00;;;;17,00;17,00;;DA;EUR
Jastuk sa silikonskim granulama 50x70, 60x80 - 60x80 cm (1200g);50502356435283;Tekstilko;;kom;20,00;;;;20,00;20,00;;DA;EUR
Kamera za Video Nadzor JK-9291;50858874143059;Tekstilko;;kom;49,99;;;;49,99;49,99;;DA;EUR
Karaoke ZVUČNIK IPX5 SA dva mikrofona;53580868256083;KIKY STORE;;kom;29,99;;;;29,99;29,99;;DA;EUR
Košara Za Rublje (veš);51126613016915;Tekstilko;;kom;19,99;;;;19,99;19,99;;DA;EUR
Krpe - set od 6 kuhinjskih krpa - 40x60cm - Kava;50456342102355;Tekstilko;;kom;14,99;;;;14,99;14,99;;DA;EUR
Krpe - set od 6 kuhinjskih krpa - 40x60cm - Lavanda;50456342004051;Tekstilko;;kom;14,99;;;;14,99;14,99;;DA;EUR
Krpe - set od 6 kuhinjskih krpa - 40x60cm - Masline;50456342069587;Tekstilko;;kom;14,99;;;;14,99;14,99;;NE;EUR
Krpe - set od 6 kuhinjskih krpa - 40x60cm - Morski;50456341971283;Tekstilko;;kom;14,99;;;;14,99;14,99;;NE;EUR
Krpe - set od 6 kuhinjskih krpa - 40x60cm - Sladoled;51006556340563;Tekstilko;;kom;14,99;;;;14,99;14,99;;NE;EUR
Krpe - set od 6 kuhinjskih krpa - 40x60cm - Torta;50456342036819;Tekstilko;;kom;14,99;;;;14,99;14,99;;NE;EUR
Krpe - set od 6 kuhinjskih krpa - 40x60cm - Voćni;51006552965459;Tekstilko;;kom;14,99;;;;14,99;14,99;;NE;EUR
Leaf Deka 200x230cm - #1 Tamno siva;51664645521747;DomTex;;kom;20,99;;;;20,99;20,99;;DA;EUR
Leaf Deka 200x230cm - #2 Braon;51664645554515;DomTex;;kom;20,99;;;;20,99;20,99;;DA;EUR
Leaf Deka 200x230cm - #3 Siva (svijetlo);51664645587283;DomTex;;kom;20,99;;;;20,99;20,99;;DA;EUR
Leaf Deka 200x230cm - #4 Bež;51664645620051;DomTex;;kom;20,99;;;;20,99;20,99;;DA;EUR
Leaf Deka 200x230cm - #5 Roza;51664645652819;DomTex;;kom;20,99;;;;20,99;20,99;;DA;EUR
LED Noćna Svjetiljka Leptir;50858873422163;Tekstilko;;kom;7,00;;;;7,00;7,00;;DA;EUR
LED Noćna Svjetiljka u Obliku Pčele;50858873291091;Tekstilko;;kom;7,00;;;;7,00;7,00;;DA;EUR
LED Noćno Svjetlo HY8807;50858873094483;Tekstilko;;kom;6,00;;;;6,00;6,00;;DA;EUR
LED Noćno Svjetlo s Utičnicom;50858872930643;Tekstilko;;kom;6,00;;;;6,00;6,00;;DA;EUR
LED Solarna Svjetiljka DT-8;50858872701267;Tekstilko;;kom;15,00;;;;15,00;15,00;;DA;EUR
LED Stolna Lampa s Astronaut Dizajnom;50858872668499;Tekstilko;;kom;12,00;;;;12,00;12,00;;DA;EUR
LED Stolna Lampa sa podesivim Spiralnim Dizajnom;50858869358931;Tekstilko;;kom;8,99;;;;8,99;8,99;;DA;EUR
LED stolna lampa u obliku kita - Narančasta;50858872373587;Tekstilko;;kom;9,99;;;;9,99;9,99;;DA;EUR
LED stolna lampa u obliku kita - Zelena;50858872340819;Tekstilko;;kom;9,99;;;;9,99;9,99;;DA;EUR
LED stolna lampa za čitanje;50858872078675;Tekstilko;;kom;14,00;;;;14,00;14,00;;DA;EUR
LED stolna svjetiljka DL-15 – Moderni dizajn s astronautom;50858872045907;Tekstilko;;kom;9,99;;;;9,99;9,99;;DA;EUR
LED stolna svjetiljka DL-16 – dizajn puža;50858869326163;Tekstilko;;kom;11,99;;;;11,99;11,99;;DA;EUR
LED Svjetiljka DT-10;50858871882067;Tekstilko;;kom;13,99;;;;13,99;13,99;;DA;EUR
LED svjetlo za bicikl DL-27;50858871849299;Tekstilko;;kom;9,99;;;;9,99;9,99;;DA;EUR
LED svjetlo za bicikl DT-16;50858871816531;Tekstilko;;kom;13,00;;;;13,00;13,00;;DA;EUR
Lux-Soft deka od mikrovlakana - Bež;50401922089299;DomTex;;kom;30,99;;;;30,99;30,99;;DA;EUR
Lux-Soft deka od mikrovlakana - Ljubičasta;51972610621779;DomTex;;kom;30,99;;;;30,99;30,99;;DA;EUR
Lux-Soft deka od mikrovlakana - Plava;51972610654547;DomTex;;kom;30,99;;;;30,99;30,99;;DA;EUR
Lux-Soft deka od mikrovlakana - Roza;50401922056531;DomTex;;kom;30,99;;;;30,99;30,99;;DA;EUR
Lux-Soft deka od mikrovlakana - Smeđa;52966917341523;DomTex;;kom;30,99;;;;30,99;30,99;;DA;EUR
Lux-Soft deka od mikrovlakana - Tamnosiva;50401921925459;DomTex;;kom;30,99;;;;30,99;30,99;;DA;EUR
Lux-Soft deka od mikrovlakana - Zelena;50401922122067;DomTex;;kom;30,99;;;;30,99;30,99;;DA;EUR
LUXELUX 4 u 1 gel kapsule za pranje rublja – 50 kom;52551468745043;DomTex;;kom;8,99;;;;8,99;8,99;;DA;EUR
LUXELUX 7 u 1 kapsule za pranje rublja – 50 kom;52551320600915;DomTex;;kom;10,49;;;;10,49;10,49;;DA;EUR
LUXELUX 7 u 1 mirisne kapsule za pranje rublja – 30 kom;52551415890259;DomTex;;kom;7,99;;;;7,99;7,99;;DA;EUR
LUXELUX Deep Clean kapsule za pranje rublja – 50 kom;52551448625491;DomTex;;kom;10,99;;;;10,99;10,99;;DA;EUR
LUXELUX Deep Clean kapsule za pranje rublja – Perfume Sensation, 40 kom;52551426736467;DomTex;;kom;9,99;;;;9,99;9,99;;DA;EUR
LUXELUX Renew & Care kapsule za pranje – Miami’s Kiss, 25 kom;52551453278547;DomTex;;kom;9,99;;;;9,99;9,99;;DA;EUR
LUXELUX Renew & Care kapsule za pranje – Mystic Veil, 30 kom;52551268073811;DomTex;;kom;8,99;;;;8,99;8,99;;DA;EUR
Mekana deka LUX 200x230 cm - #1;50456144216403;Tekstilko;;kom;29,99;;;;29,99;29,99;;NE;EUR
Mekana deka LUX 200x230 cm - #2;50456144249171;Tekstilko;;kom;29,99;;;;29,99;29,99;;NE;EUR
Mekana deka LUX 200x230 cm - #3;50456144281939;Tekstilko;;kom;29,99;;;;29,99;29,99;;NE;EUR
Mekana deka LUX 200x230 cm - #4;50456144314707;Tekstilko;;kom;29,99;;;;29,99;29,99;;NE;EUR
Mekana deka LUX 200x230 cm - #5;50456144347475;Tekstilko;;kom;29,99;;;;29,99;29,99;;NE;EUR
Mekana deka LUX 200x230 cm - #6;50456144380243;Tekstilko;;kom;29,99;;;;29,99;29,99;;NE;EUR
Mekana deka LUX 200x230 cm - #7;50456144413011;Tekstilko;;kom;29,99;;;;29,99;29,99;;NE;EUR
Mekana deka s tigrastim uzorkom (200x230) - 1;52291949396307;DomTex;;kom;19,99;;;;19,99;19,99;;DA;EUR
Mekana deka s tigrastim uzorkom (200x230) - 2;52291949429075;DomTex;;kom;19,99;;;;19,99;19,99;;DA;EUR
Mekana deka s tigrastim uzorkom (200x230) - 3;52291949461843;DomTex;;kom;19,99;;;;19,99;19,99;;DA;EUR
Mekana deka s tigrastim uzorkom (200x230) - 4;52291949494611;DomTex;;kom;19,99;;;;19,99;19,99;;DA;EUR
Mekana deka s tigrastim uzorkom (200x230) - 5;52291949527379;DomTex;;kom;19,99;;;;19,99;19,99;;NE;EUR
Memorijski jastuk - Bijela;51370557276499;Tekstilko;;kom;22,99;;;;22,99;22,99;;DA;EUR
Memorijski jastuk - Siva;51370557309267;Tekstilko;;kom;22,99;;;;22,99;22,99;;DA;EUR
MINI ZVUČNIK PC K5 (Crni);53580868190547;New Science;;kom;11,50;;;;11,50;11,50;;DA;EUR
MINI ZVUČNIK PC K6 (Bijeli);139623;New Science;;kom;14,50;;;;14,50;14,50;;DA;EUR
MINI ZVUČNIK PC K7 CRNI;139661;New Science;;kom;14,50;;;;14,50;14,50;;DA;EUR
MINI ZVUČNIK PC K9 (Bijeli);139654;New Science;;kom;14,50;;;;14,50;14,50;;DA;EUR
MINI ZVUČNIK PC K9 (Crni);139647;New Science;;kom;14,50;;;;14,50;14,50;;DA;EUR
MIS BEŽIČNI S-01 BIJELA;53580760351059;KIKY STORE;;kom;12,00;;;;12,00;12,00;;DA;EUR
MIS BEŽIČNI S-01 SIVA;53580760318291;KIKY STORE;;kom;12,00;;;;12,00;12,00;;DA;EUR
MIS BEŽIČNI S-02 BIJELA;53580760285523;KIKY STORE;;kom;9,50;;;;9,50;9,50;;DA;EUR
MIS BEŽIČNI S-02 CRNI;53580757598547;KIKY STORE;;kom;9,50;;;;9,50;9,50;;DA;EUR
MIS BEŽIČNI S-03 BIJELA;53580760056147;KIKY STORE;;kom;10,50;;;;10,50;10,50;;DA;EUR
MIS BEŽIČNI S-03 SIVA;53580760023379;KIKY STORE;;kom;10,50;;;;10,50;10,50;;DA;EUR
MIS BEŽIČNI S-04 CRNI;53580759990611;KIKY STORE;;kom;12,99;;;;12,99;12,99;;DA;EUR
MIS BEŽIČNI S-04 SIVA;53580759859539;KIKY STORE;;kom;12,99;;;;12,99;12,99;;DA;EUR
Miš bežični M2 Crni;53580758810963;KIKY STORE;;kom;6,50;;;;6,50;6,50;;DA;EUR
Miš sa kabelom M2-4 CrnI;53580758548819;KIKY STORE;;kom;8,50;;;;8,50;8,50;;DA;EUR
Miš sa kabelom M5 Crni;53580758516051;KIKY STORE;;kom;7,50;;;;7,50;7,50;;DA;EUR
Miš sa kabelom M6 Crni;53580758483283;KIKY STORE;;kom;7,50;;;;7,50;7,50;;DA;EUR
Miš sa kabelom M8 Bijeli;53580758417747;KIKY STORE;;kom;7,50;;;;7,50;7,50;;DA;EUR
Miš sa kabelom M8 Crni;53580757926227;KIKY STORE;;kom;7,90;;;;7,90;7,90;;DA;EUR
Miš sa kabelom N600 Bijeli;53580757860691;KIKY STORE;;kom;6,00;;;;6,00;6,00;;DA;EUR
Miš sa kabelom N600 Crni;53580757467475;KIKY STORE;;kom;6,00;;;;6,00;6,00;;DA;EUR
Multifunkcijski Daljinski CRC 707V;53580841746771;New Science;;kom;12,90;;;;12,90;12,90;;DA;EUR
Navlaka listići - Bijela;53162752344403;DomTex;;kom;23,99;;;;23,99;23,99;;DA;EUR
Navlaka listići - Siva;53162752377171;DomTex;;kom;23,99;;;;23,99;23,99;;DA;EUR
Navlaka listići - Smeđa;53162752409939;DomTex;;kom;23,99;;;;23,99;23,99;;DA;EUR
Navlaka Square - set 6 komada - Bež;51000464736595;Tekstilko;;kom;22,99;;;;22,99;22,99;;DA;EUR
Navlaka Square - set 6 komada - Bijela;51000464638291;Tekstilko;;kom;22,99;;;;22,99;22,99;;NE;EUR
Navlaka Square - set 6 komada - Bordo;51000464900435;Tekstilko;;kom;22,99;;;;22,99;22,99;;DA;EUR
Navlaka Square - set 6 komada - Crna;51000464671059;Tekstilko;;kom;22,99;;;;22,99;22,99;;DA;EUR
Navlaka Square - set 6 komada - Karamel;51000464769363;Tekstilko;;kom;22,99;;;;22,99;22,99;;DA;EUR
Navlaka Square - set 6 komada - Mint;51000464802131;Tekstilko;;kom;22,99;;;;22,99;22,99;;DA;EUR
Navlaka Square - set 6 komada - Plava;51000464965971;Tekstilko;;kom;22,99;;;;22,99;22,99;;DA;EUR
Navlaka Square - set 6 komada - Roza;51000464933203;Tekstilko;;kom;22,99;;;;22,99;22,99;;DA;EUR
Navlaka Square - set 6 komada - Svijetlo plava;51000464605523;Tekstilko;;kom;22,99;;;;22,99;22,99;;NE;EUR
Navlaka Square - set 6 komada - Svijetlo siva;51000464834899;Tekstilko;;kom;22,99;;;;22,99;22,99;;DA;EUR
Navlaka Square - set 6 komada - Tamno siva;51000464867667;Tekstilko;;kom;22,99;;;;22,99;22,99;;DA;EUR
Navlaka Square - set 6 komada - Tamno smeđa;51000464703827;Tekstilko;;kom;22,99;;;;22,99;22,99;;DA;EUR
Navlaka Square - set 6 komada - Tirkizna;51000464998739;Tekstilko;;kom;22,99;;;;22,99;22,99;;NE;EUR
Navlake  Shapefit - set 6 komada - #1;51070867243347;Tekstilko;;kom;22,99;;;;22,99;22,99;;DA;EUR
Navlake  Shapefit - set 6 komada - #10;51070867538259;Tekstilko;;kom;22,99;;;;22,99;22,99;;DA;EUR
Navlake  Shapefit - set 6 komada - #2;51070867276115;Tekstilko;;kom;22,99;;;;22,99;22,99;;NE;EUR
Navlake  Shapefit - set 6 komada - #3;51070867308883;Tekstilko;;kom;22,99;;;;22,99;22,99;;NE;EUR
Navlake  Shapefit - set 6 komada - #4;51070867341651;Tekstilko;;kom;22,99;;;;22,99;22,99;;DA;EUR
Navlake  Shapefit - set 6 komada - #5;51070867374419;Tekstilko;;kom;22,99;;;;22,99;22,99;;DA;EUR
Navlake  Shapefit - set 6 komada - #6;51070867407187;Tekstilko;;kom;22,99;;;;22,99;22,99;;NE;EUR
Navlake  Shapefit - set 6 komada - #7;51070867439955;Tekstilko;;kom;22,99;;;;22,99;22,99;;NE;EUR
Navlake  Shapefit - set 6 komada - #8;51070867472723;Tekstilko;;kom;22,99;;;;22,99;22,99;;NE;EUR
Navlake  Shapefit - set 6 komada - #9;51070867505491;Tekstilko;;kom;22,99;;;;22,99;22,99;;DA;EUR
Navlake Leaf - set 6 komada - 1;51026106646867;Tekstilko;;kom;23,99;;;;23,99;23,99;;NE;EUR
Navlake Leaf - set 6 komada - 2;51026106679635;Tekstilko;;kom;23,99;;;;23,99;23,99;;DA;EUR
Navlake Leaf - set 6 komada - 3;51026106712403;Tekstilko;;kom;23,99;;;;23,99;23,99;;DA;EUR
Navlake Leaf - set 6 komada - 4;51026106745171;Tekstilko;;kom;23,99;;;;23,99;23,99;;NE;EUR
Navlake Leaf - set 6 komada - 5;51026106777939;Tekstilko;;kom;23,99;;;;23,99;23,99;;NE;EUR
Navlake Leaf - set 6 komada - 6;51026106810707;Tekstilko;;kom;23,99;;;;23,99;23,99;;NE;EUR
Navlake Leaf - set 6 komada - 7;51026106843475;Tekstilko;;kom;23,99;;;;23,99;23,99;;DA;EUR
Navlake pletene sa uzorkom - Bež;53162718265683;DomTex;;kom;23,99;;;;23,99;23,99;;DA;EUR
Navlake pletene sa uzorkom - Bordo;53162718331219;DomTex;;kom;23,99;;;;23,99;23,99;;DA;EUR
Navlake pletene sa uzorkom - Karamel;53162718298451;DomTex;;kom;23,99;;;;23,99;23,99;;DA;EUR
Navlake pletene sa uzorkom - Smeđa;53162718363987;DomTex;;kom;23,99;;;;23,99;23,99;;DA;EUR
Navlake pletene sa uzorkom - Tamno siva;53162718232915;DomTex;;kom;23,99;;;;23,99;23,99;;DA;EUR
Navlake za stolice list - set 6 komada - Bež;50640621404499;DomTex;;kom;23,99;;;;23,99;23,99;;NE;EUR
Navlake za stolice list - set 6 komada - Crna;50640621175123;DomTex;;kom;23,99;;;;23,99;23,99;;DA;EUR
Navlake za stolice list - set 6 komada - Crvena (bordo);50640621338963;DomTex;;kom;23,99;;;;23,99;23,99;;DA;EUR
Navlake za stolice list - set 6 komada - Siva;50640621207891;DomTex;;kom;23,99;;;;23,99;23,99;;DA;EUR
Navlake za stolice list - set 6 komada - Smeđa (kamel);50640621273427;DomTex;;kom;23,99;;;;23,99;23,99;;NE;EUR
Navlake za stolice list - set 6 komada - Tamnosiva;50640621240659;DomTex;;kom;23,99;;;;23,99;23,99;;NE;EUR
Navlake za stolice list - set 6 komada - Tamnosmeđa;50640621306195;DomTex;;kom;23,99;;;;23,99;23,99;;DA;EUR
Navlake za stolice list - set 6 komada - Tirkizna;50640621371731;DomTex;;kom;23,99;;;;23,99;23,99;;DA;EUR
NewScience® Maskica za Mobitel Silikonski IP - iPhone 14 PLUS/13PRO MAX / Crna;53583341257043;Lotus Centar;;kom;5,50;;;;5,50;5,50;;DA;EUR
NewScience® Maskica za Mobitel Silikonski IP - iPhone 14 PLUS/13PRO MAX / Crvena;53583341355347;Lotus Centar;;kom;5,50;;;;5,50;5,50;;DA;EUR
NewScience® Maskica za Mobitel Silikonski IP - iPhone 14 PLUS/13PRO MAX / Ljubičasta;53583341388115;Lotus Centar;;kom;5,50;;;;5,50;5,50;;DA;EUR
NewScience® Maskica za Mobitel Silikonski IP - iPhone 14 PLUS/13PRO MAX / Ružičasta;53583341420883;Lotus Centar;;kom;5,50;;;;5,50;5,50;;DA;EUR
NewScience® Maskica za Mobitel Silikonski IP - iPhone 14 PLUS/13PRO MAX / Tamna plava;53583341289811;Lotus Centar;;kom;5,50;;;;5,50;5,50;;DA;EUR
NewScience® Maskica za Mobitel Silikonski IP - iPhone 14 PLUS/13PRO MAX / Zelene;53583341322579;Lotus Centar;;kom;5,50;;;;5,50;5,50;;DA;EUR
NewScience® Maskica za Mobitel Silikonski IP - iPhone 14 PRO / Crna;53583341060435;Lotus Centar;;kom;5,50;;;;5,50;5,50;;DA;EUR
NewScience® Maskica za Mobitel Silikonski IP - iPhone 14 PRO / Crvena;53583341158739;Lotus Centar;;kom;5,50;;;;5,50;5,50;;DA;EUR
NewScience® Maskica za Mobitel Silikonski IP - iPhone 14 PRO / Ljubičasta;53583341191507;Lotus Centar;;kom;5,50;;;;5,50;5,50;;DA;EUR
NewScience® Maskica za Mobitel Silikonski IP - iPhone 14 PRO / Ružičasta;53583341224275;Lotus Centar;;kom;5,50;;;;5,50;5,50;;DA;EUR
NewScience® Maskica za Mobitel Silikonski IP - iPhone 14 PRO / Tamna plava;53583341093203;Lotus Centar;;kom;5,50;;;;5,50;5,50;;DA;EUR
NewScience® Maskica za Mobitel Silikonski IP - iPhone 14 PRO / Zelene;53583341125971;Lotus Centar;;kom;5,50;;;;5,50;5,50;;DA;EUR
NewScience® Maskica za Mobitel Silikonski IP - iPhone 14 PROMAX / Crna;53583340863827;Lotus Centar;;kom;5,50;;;;5,50;5,50;;DA;EUR
NewScience® Maskica za Mobitel Silikonski IP - iPhone 14 PROMAX / Crvena;53583340962131;Lotus Centar;;kom;5,50;;;;5,50;5,50;;DA;EUR
NewScience® Maskica za Mobitel Silikonski IP - iPhone 14 PROMAX / Ljubičasta;53583340994899;Lotus Centar;;kom;5,50;;;;5,50;5,50;;DA;EUR
NewScience® Maskica za Mobitel Silikonski IP - iPhone 14 PROMAX / Ružičasta;53583341027667;Lotus Centar;;kom;5,50;;;;5,50;5,50;;DA;EUR
NewScience® Maskica za Mobitel Silikonski IP - iPhone 14 PROMAX / Tamna plava;53583340896595;Lotus Centar;;kom;5,50;;;;5,50;5,50;;DA;EUR
NewScience® Maskica za Mobitel Silikonski IP - iPhone 14 PROMAX / Zelene;53583340929363;Lotus Centar;;kom;5,50;;;;5,50;5,50;;DA;EUR
NewScience® Maskica za Mobitel Silikonski IP - iPhone 14/13/13PRO / Crna;53583341453651;Lotus Centar;;kom;5,50;;;;5,50;5,50;;DA;EUR
NewScience® Maskica za Mobitel Silikonski IP - iPhone 14/13/13PRO / Crvena;53583341551955;Lotus Centar;;kom;5,50;;;;5,50;5,50;;DA;EUR
NewScience® Maskica za Mobitel Silikonski IP - iPhone 14/13/13PRO / Ljubičasta;53583341584723;Lotus Centar;;kom;5,50;;;;5,50;5,50;;DA;EUR
NewScience® Maskica za Mobitel Silikonski IP - iPhone 14/13/13PRO / Ružičasta;53583341617491;Lotus Centar;;kom;5,50;;;;5,50;5,50;;DA;EUR
NewScience® Maskica za Mobitel Silikonski IP - iPhone 14/13/13PRO / Tamna plava;53583341486419;Lotus Centar;;kom;5,50;;;;5,50;5,50;;DA;EUR
NewScience® Maskica za Mobitel Silikonski IP - iPhone 14/13/13PRO / Zelene;53583341519187;Lotus Centar;;kom;5,50;;;;5,50;5,50;;DA;EUR
NewScience® Maskica za Mobitel Silikonski IP - iPhone 15 / Crna;53583340667219;Lotus Centar;;kom;5,50;;;;5,50;5,50;;DA;EUR
NewScience® Maskica za Mobitel Silikonski IP - iPhone 15 / Crvena;53583340765523;Lotus Centar;;kom;5,50;;;;5,50;5,50;;DA;EUR
NewScience® Maskica za Mobitel Silikonski IP - iPhone 15 / Ljubičasta;53583340798291;Lotus Centar;;kom;5,50;;;;5,50;5,50;;DA;EUR
NewScience® Maskica za Mobitel Silikonski IP - iPhone 15 / Ružičasta;53583340831059;Lotus Centar;;kom;5,50;;;;5,50;5,50;;DA;EUR
NewScience® Maskica za Mobitel Silikonski IP - iPhone 15 / Tamna plava;53583340699987;Lotus Centar;;kom;5,50;;;;5,50;5,50;;DA;EUR
NewScience® Maskica za Mobitel Silikonski IP - iPhone 15 / Zelene;53583340732755;Lotus Centar;;kom;5,50;;;;5,50;5,50;;DA;EUR
NewScience® Maskica za Mobitel Silikonski IP - iPhone 15 PLUS / Crna;53583340470611;Lotus Centar;;kom;5,50;;;;5,50;5,50;;DA;EUR
NewScience® Maskica za Mobitel Silikonski IP - iPhone 15 PLUS / Crvena;53583340568915;Lotus Centar;;kom;5,50;;;;5,50;5,50;;DA;EUR
NewScience® Maskica za Mobitel Silikonski IP - iPhone 15 PLUS / Ljubičasta;53583340601683;Lotus Centar;;kom;5,50;;;;5,50;5,50;;DA;EUR
NewScience® Maskica za Mobitel Silikonski IP - iPhone 15 PLUS / Ružičasta;53583340634451;Lotus Centar;;kom;5,50;;;;5,50;5,50;;DA;EUR
NewScience® Maskica za Mobitel Silikonski IP - iPhone 15 PLUS / Tamna plava;53583340503379;Lotus Centar;;kom;5,50;;;;5,50;5,50;;DA;EUR
NewScience® Maskica za Mobitel Silikonski IP - iPhone 15 PLUS / Zelene;53583340536147;Lotus Centar;;kom;5,50;;;;5,50;5,50;;DA;EUR
NewScience® Maskica za Mobitel Silikonski IP - iPhone 15 PRO / Crna;53583340274003;Lotus Centar;;kom;5,50;;;;5,50;5,50;;DA;EUR
NewScience® Maskica za Mobitel Silikonski IP - iPhone 15 PRO / Crvena;53583340372307;Lotus Centar;;kom;5,50;;;;5,50;5,50;;DA;EUR
NewScience® Maskica za Mobitel Silikonski IP - iPhone 15 PRO / Ljubičasta;53583340405075;Lotus Centar;;kom;5,50;;;;5,50;5,50;;DA;EUR
NewScience® Maskica za Mobitel Silikonski IP - iPhone 15 PRO / Ružičasta;53583340437843;Lotus Centar;;kom;5,50;;;;5,50;5,50;;DA;EUR
NewScience® Maskica za Mobitel Silikonski IP - iPhone 15 PRO / Tamna plava;53583340306771;Lotus Centar;;kom;5,50;;;;5,50;5,50;;DA;EUR
NewScience® Maskica za Mobitel Silikonski IP - iPhone 15 PRO / Zelene;53583340339539;Lotus Centar;;kom;5,50;;;;5,50;5,50;;DA;EUR
NewScience® Maskica za Mobitel Silikonski IP - iPhone 15 PROMAX / Crna;53583340077395;Lotus Centar;;kom;5,50;;;;5,50;5,50;;DA;EUR
NewScience® Maskica za Mobitel Silikonski IP - iPhone 15 PROMAX / Crvena;53583340175699;Lotus Centar;;kom;5,50;;;;5,50;5,50;;DA;EUR
NewScience® Maskica za Mobitel Silikonski IP - iPhone 15 PROMAX / Ljubičasta;53583340208467;Lotus Centar;;kom;5,50;;;;5,50;5,50;;DA;EUR
NewScience® Maskica za Mobitel Silikonski IP - iPhone 15 PROMAX / Ružičasta;53583340241235;Lotus Centar;;kom;5,50;;;;5,50;5,50;;DA;EUR
NewScience® Maskica za Mobitel Silikonski IP - iPhone 15 PROMAX / Tamna plava;53583340110163;Lotus Centar;;kom;5,50;;;;5,50;5,50;;DA;EUR
NewScience® Maskica za Mobitel Silikonski IP - iPhone 15 PROMAX / Zelene;53583340142931;Lotus Centar;;kom;5,50;;;;5,50;5,50;;DA;EUR
NewScience® Maskica za Mobitel Silikonski IP - iPhone 16 / Crna;53583339880787;Lotus Centar;;kom;5,50;;;;5,50;5,50;;DA;EUR
NewScience® Maskica za Mobitel Silikonski IP - iPhone 16 / Crvena;53583339979091;Lotus Centar;;kom;5,50;;;;5,50;5,50;;DA;EUR
NewScience® Maskica za Mobitel Silikonski IP - iPhone 16 / Ljubičasta;53583340011859;Lotus Centar;;kom;5,50;;;;5,50;5,50;;DA;EUR
NewScience® Maskica za Mobitel Silikonski IP - iPhone 16 / Ružičasta;53583340044627;Lotus Centar;;kom;5,50;;;;5,50;5,50;;DA;EUR
NewScience® Maskica za Mobitel Silikonski IP - iPhone 16 / Tamna plava;53583339913555;Lotus Centar;;kom;5,50;;;;5,50;5,50;;DA;EUR
NewScience® Maskica za Mobitel Silikonski IP - iPhone 16 / Zelene;53583339946323;Lotus Centar;;kom;5,50;;;;5,50;5,50;;DA;EUR
NewScience® Maskica za Mobitel Silikonski IP - iPhone 16 PLUS / Crna;53583339684179;Lotus Centar;;kom;5,50;;;;5,50;5,50;;DA;EUR
NewScience® Maskica za Mobitel Silikonski IP - iPhone 16 PLUS / Crvena;53583339782483;Lotus Centar;;kom;5,50;;;;5,50;5,50;;DA;EUR
NewScience® Maskica za Mobitel Silikonski IP - iPhone 16 PLUS / Ljubičasta;53583339815251;Lotus Centar;;kom;5,50;;;;5,50;5,50;;DA;EUR
NewScience® Maskica za Mobitel Silikonski IP - iPhone 16 PLUS / Ružičasta;53583339848019;Lotus Centar;;kom;5,50;;;;5,50;5,50;;DA;EUR
NewScience® Maskica za Mobitel Silikonski IP - iPhone 16 PLUS / Tamna plava;53583339716947;Lotus Centar;;kom;5,50;;;;5,50;5,50;;DA;EUR
NewScience® Maskica za Mobitel Silikonski IP - iPhone 16 PLUS / Zelene;53583339749715;Lotus Centar;;kom;5,50;;;;5,50;5,50;;DA;EUR
NewScience® Maskica za Mobitel Silikonski IP - iPhone 16 PRO / Crna;53583339487571;Lotus Centar;;kom;5,50;;;;5,50;5,50;;DA;EUR
NewScience® Maskica za Mobitel Silikonski IP - iPhone 16 PRO / Crvena;53583339585875;Lotus Centar;;kom;5,50;;;;5,50;5,50;;DA;EUR
NewScience® Maskica za Mobitel Silikonski IP - iPhone 16 PRO / Ljubičasta;53583339618643;Lotus Centar;;kom;5,50;;;;5,50;5,50;;DA;EUR
NewScience® Maskica za Mobitel Silikonski IP - iPhone 16 PRO / Ružičasta;53583339651411;Lotus Centar;;kom;5,50;;;;5,50;5,50;;DA;EUR
NewScience® Maskica za Mobitel Silikonski IP - iPhone 16 PRO / Tamna plava;53583339520339;Lotus Centar;;kom;5,50;;;;5,50;5,50;;DA;EUR
NewScience® Maskica za Mobitel Silikonski IP - iPhone 16 PRO / Zelene;53583339553107;Lotus Centar;;kom;5,50;;;;5,50;5,50;;DA;EUR
NewScience® Maskica za Mobitel Silikonski IP - iPhone 16 PROMAX / Crna;53583339290963;Lotus Centar;;kom;5,50;;;;5,50;5,50;;DA;EUR
NewScience® Maskica za Mobitel Silikonski IP - iPhone 16 PROMAX / Crvena;53583339389267;Lotus Centar;;kom;5,50;;;;5,50;5,50;;DA;EUR
NewScience® Maskica za Mobitel Silikonski IP - iPhone 16 PROMAX / Ljubičasta;53583339422035;Lotus Centar;;kom;5,50;;;;5,50;5,50;;DA;EUR
NewScience® Maskica za Mobitel Silikonski IP - iPhone 16 PROMAX / Ružičasta;53583339454803;Lotus Centar;;kom;5,50;;;;5,50;5,50;;DA;EUR
NewScience® Maskica za Mobitel Silikonski IP - iPhone 16 PROMAX / Tamna plava;53583339323731;Lotus Centar;;kom;5,50;;;;5,50;5,50;;DA;EUR
NewScience® Maskica za Mobitel Silikonski IP - iPhone 16 PROMAX / Zelene;53583339356499;Lotus Centar;;kom;5,50;;;;5,50;5,50;;DA;EUR
NewScience® Maskica za Mobitel Silikonski IP - iPhone 17 / Crna;53583338897747;Lotus Centar;;kom;5,50;;;;5,50;5,50;;DA;EUR
NewScience® Maskica za Mobitel Silikonski IP - iPhone 17 / Crvena;53583338996051;Lotus Centar;;kom;5,50;;;;5,50;5,50;;DA;EUR
NewScience® Maskica za Mobitel Silikonski IP - iPhone 17 / Ljubičasta;53583339028819;Lotus Centar;;kom;5,50;;;;5,50;5,50;;DA;EUR
NewScience® Maskica za Mobitel Silikonski IP - iPhone 17 / Ružičasta;53583339061587;Lotus Centar;;kom;5,50;;;;5,50;5,50;;DA;EUR
NewScience® Maskica za Mobitel Silikonski IP - iPhone 17 / Tamna plava;53583338930515;Lotus Centar;;kom;5,50;;;;5,50;5,50;;DA;EUR
NewScience® Maskica za Mobitel Silikonski IP - iPhone 17 / Zelene;53583338963283;Lotus Centar;;kom;5,50;;;;5,50;5,50;;DA;EUR
NewScience® Maskica za Mobitel Silikonski IP - iPhone 17 Air / Crna;53583339094355;Lotus Centar;;kom;5,50;;;;5,50;5,50;;DA;EUR
NewScience® Maskica za Mobitel Silikonski IP - iPhone 17 Air / Crvena;53583339192659;Lotus Centar;;kom;5,50;;;;5,50;5,50;;DA;EUR
NewScience® Maskica za Mobitel Silikonski IP - iPhone 17 Air / Ljubičasta;53583339225427;Lotus Centar;;kom;5,50;;;;5,50;5,50;;DA;EUR
NewScience® Maskica za Mobitel Silikonski IP - iPhone 17 Air / Ružičasta;53583339258195;Lotus Centar;;kom;5,50;;;;5,50;5,50;;DA;EUR
NewScience® Maskica za Mobitel Silikonski IP - iPhone 17 Air / Tamna plava;53583339127123;Lotus Centar;;kom;5,50;;;;5,50;5,50;;DA;EUR
NewScience® Maskica za Mobitel Silikonski IP - iPhone 17 Air / Zelene;53583339159891;Lotus Centar;;kom;5,50;;;;5,50;5,50;;DA;EUR
NewScience® Maskica za Mobitel Silikonski IP - iPhone 17 PRO / Crna;53583338701139;Lotus Centar;;kom;5,50;;;;5,50;5,50;;DA;EUR
NewScience® Maskica za Mobitel Silikonski IP - iPhone 17 PRO / Crvena;53583338799443;Lotus Centar;;kom;5,50;;;;5,50;5,50;;DA;EUR
NewScience® Maskica za Mobitel Silikonski IP - iPhone 17 PRO / Ljubičasta;53583338832211;Lotus Centar;;kom;5,50;;;;5,50;5,50;;DA;EUR
NewScience® Maskica za Mobitel Silikonski IP - iPhone 17 PRO / Ružičasta;53583338864979;Lotus Centar;;kom;5,50;;;;5,50;5,50;;DA;EUR
NewScience® Maskica za Mobitel Silikonski IP - iPhone 17 PRO / Tamna plava;53583338733907;Lotus Centar;;kom;5,50;;;;5,50;5,50;;DA;EUR
NewScience® Maskica za Mobitel Silikonski IP - iPhone 17 PRO / Zelene;53583338766675;Lotus Centar;;kom;5,50;;;;5,50;5,50;;DA;EUR
NewScience® Maskica za Mobitel Silikonski IP - iPhone 17 PROMAX / Crna;53583338504531;Lotus Centar;;kom;5,50;;;;5,50;5,50;;DA;EUR
NewScience® Maskica za Mobitel Silikonski IP - iPhone 17 PROMAX / Crvena;53583338602835;Lotus Centar;;kom;5,50;;;;5,50;5,50;;DA;EUR
NewScience® Maskica za Mobitel Silikonski IP - iPhone 17 PROMAX / Ljubičasta;53583338635603;Lotus Centar;;kom;5,50;;;;5,50;5,50;;DA;EUR
NewScience® Maskica za Mobitel Silikonski IP - iPhone 17 PROMAX / Ružičasta;53583338668371;Lotus Centar;;kom;5,50;;;;5,50;5,50;;DA;EUR
NewScience® Maskica za Mobitel Silikonski IP - iPhone 17 PROMAX / Tamna plava;53583338537299;Lotus Centar;;kom;5,50;;;;5,50;5,50;;DA;EUR
NewScience® Maskica za Mobitel Silikonski IP - iPhone 17 PROMAX / Zelene;53583338570067;Lotus Centar;;kom;5,50;;;;5,50;5,50;;DA;EUR
NewScience® Preklopna maskica za RedMi- Umjetna koža - NOTE 14 4G / Bordo;53583341814099;Lotus Centar;;kom;11,90;;;;11,90;11,90;;DA;EUR
NewScience® Preklopna maskica za RedMi- Umjetna koža - NOTE 14 4G / Crna;53583341715795;Lotus Centar;;kom;11,90;;;;11,90;11,90;;DA;EUR
NewScience® Preklopna maskica za RedMi- Umjetna koža - NOTE 14 4G / Tamna plava;53583341748563;Lotus Centar;;kom;11,90;;;;11,90;11,90;;DA;EUR
NewScience® Preklopna maskica za RedMi- Umjetna koža - NOTE 14 4G / Zelene;53583341781331;Lotus Centar;;kom;11,90;;;;11,90;11,90;;DA;EUR
NewScience®Zidni brzo punjač  1USB-C+1USB 25W+25W Model:12676;12676;Lotus Centar;;kom;12,90;;;;12,90;12,90;;DA;EUR
NewScience®Zidni brzo punjač  1USB-C+1USB 30W+30W  Model:39111;53583374287187;Lotus Centar;;kom;15,90;;;;15,90;15,90;;DA;EUR
NewScience®Zidni brzo punjač  2USB 24W Model:14755;14755;Lotus Centar;;kom;9,90;;;;9,90;9,90;;DA;EUR
NewScience®Zidni brzo punjač  2USB-C35W+35W Model:42572;42572;Lotus Centar;;kom;22,90;;;;22,90;22,90;;DA;EUR
NewScience®Zidni brzo punjač  3USB 20W+25W  Model:15523;15523;Lotus Centar;;kom;19,90;;;;19,90;19,90;;DA;EUR
NewScience®Zidni brzo punjač  PD TYPE C 30W  Model:15028;115028;Lotus Centar;;kom;11,90;;;;11,90;11,90;;DA;EUR
NewScience®Zidni brzo punjač  PD TYPE C 30W  Model:15257;15257;Lotus Centar;;kom;12,90;;;;12,90;12,90;;DA;EUR
NewScience®Zidni brzo punjač  PD TYPE C 30W  Model:15950;15950;Lotus Centar;;kom;11,90;;;;11,90;11,90;;DA;EUR
NewScience®Zidni brzo punjač  PD TYPE C 30W  Model:39104;39104;Lotus Centar;;kom;15,90;;;;15,90;15,90;;DA;EUR
NewScience®Zidni brzo punjač  PD TYPE C 30W  Model:43354;43354;Lotus Centar;;kom;9,90;;;;9,90;9,90;;DA;EUR
NewScience®Zidni brzo punjač  PD-USB-C 22.5W  Model:37452;37452;Lotus Centar;;kom;9,90;;;;9,90;9,90;;DA;EUR
NewScience®Zidni brzo punjač  PD-USB-C20W  Model:14229;14229;Lotus Centar;;kom;11,90;;;;11,90;11,90;;DA;EUR
NewScience®Zidni brzo punjač  PD-USB-C20W  Model:15875;15875;Lotus Centar;;kom;11,90;;;;11,90;11,90;;DA;EUR
NewScience®Zidni brzo punjač  QC   USB  - 25W Model:14670;SLD-T57;Lotus Centar;;kom;9,90;;;;9,90;9,90;;DA;EUR
NewScience®Zidni brzo punjač  USB 20W  Model:43736;43736;Lotus Centar;;kom;8,80;;;;8,80;8,80;;DA;EUR
NewScience®Zidni brzo punjač  USB 25W  Model:13932;13932;Lotus Centar;;kom;8,80;;;;8,80;8,80;;DA;EUR
NewScience®Zidni brzo punjač  USB 25W  Model:14670;14670;Lotus Centar;;kom;12,90;;;;12,90;12,90;;DA;EUR
NewScience®Zidni brzo punjač  USB 25W  Model:14724;14724;Lotus Centar;;kom;11,90;;;;11,90;11,90;;DA;EUR
NewScience®Zidni brzo punjač  USB 25W  Model:14724;53583377170771;Lotus Centar;;kom;11,90;;;;11,90;11,90;;DA;EUR
NewScience®Zidni brzo punjač  USB 25W  Model:15264;15264;Lotus Centar;;kom;12,90;;;;12,90;12,90;;DA;EUR
NewScience®Zidni brzo punjač  USB 25W  Model:15318;15318;Lotus Centar;;kom;11,90;;;;11,90;11,90;;DA;EUR
NewScience®Zidni brzo punjač  USB 25W  Model:44122;44122;Lotus Centar;;kom;9,50;;;;9,50;9,50;;DA;EUR
NewScience®Zidni brzo punjač  USB 25W  Model:44146;44146;Lotus Centar;;kom;8,80;;;;8,80;8,80;;DA;EUR
NewScience®Zidni brzo punjač  USB 40W  Model:14038;14038;Lotus Centar;;kom;12,90;;;;12,90;12,90;;DA;EUR
NewScience®Zidni punjač  USB 12W  Model:13581;13581;Lotus Centar;;kom;3,90;;;;3,90;3,90;;DA;EUR
NewScience®Zidni punjač  USB 15W  Model:14830;14830;Lotus Centar;;kom;8,80;;;;8,80;8,80;;DA;EUR
NewScience®Zidni punjač  USB 15W  Model:14847;14847;Lotus Centar;;kom;7,50;;;;7,50;7,50;;DA;EUR
NewScience®Zidni punjač  USB 15W  Model:15059;15059;Lotus Centar;;kom;7,50;;;;7,50;7,50;;DA;EUR
NewScience®Zidni punjač  USB 15W  Model:15615;15615;Lotus Centar;;kom;6,90;;;;6,90;6,90;;DA;EUR
Noćno svjetlo LED Sova;50858871750995;Tekstilko;;kom;6,00;;;;6,00;6,00;;DA;EUR
Organizator - set 3 komada - Bež;50367847596371;Tekstilko;;kom;9,99;;;;9,99;9,99;;NE;EUR
Organizator - set 3 komada - Crna;50367847498067;Tekstilko;;kom;9,99;;;;9,99;9,99;;NE;EUR
Organizator - set 3 komada - Lila;50367847629139;Tekstilko;;kom;9,99;;;;9,99;9,99;;NE;EUR
Organizator - set 3 komada - Siva;50367847530835;Tekstilko;;kom;9,99;;;;9,99;9,99;;NE;EUR
Organizator - set 3 komada - Smeđa;50367847563603;Tekstilko;;kom;9,99;;;;9,99;9,99;;NE;EUR
Organizator za čarape i donje rublje - L;50367858147667;Tekstilko;;kom;6,50;;;;6,50;6,50;;DA;EUR
Organizator za čarape i donje rublje - M;50367858114899;Tekstilko;;kom;5,99;;;;5,99;5,99;;DA;EUR
Organizator za čarape i donje rublje - S;50367858082131;Tekstilko;;kom;4,99;;;;4,99;4,99;;DA;EUR
Pametna Kamera SMS1;50858874110291;Tekstilko;;kom;57,00;;;;57,00;57,00;;DA;EUR
Pametna LED svjetiljka DL-3 – USB punjenje;50858871652691;Tekstilko;;kom;11,50;;;;11,50;11,50;;DA;EUR
Pamučne jastučnice 50x70 / 2+2 GRATIS - Bijela;50540024136019;Tekstilko;;kom;14,99;;;;14,99;14,99;;NE;EUR
Pamučne jastučnice 50x70 / 2+2 GRATIS - Breskva;50540024234323;Tekstilko;;kom;14,99;;;;14,99;14,99;;NE;EUR
Pamučne jastučnice 50x70 / 2+2 GRATIS - Crna;50540024037715;Tekstilko;;kom;14,99;;;;14,99;14,99;;NE;EUR
Pamučne jastučnice 50x70 / 2+2 GRATIS - Crvena;50540024168787;Tekstilko;;kom;14,99;;;;14,99;14,99;;NE;EUR
Pamučne jastučnice 50x70 / 2+2 GRATIS - Lila;50540024201555;Tekstilko;;kom;14,99;;;;14,99;14,99;;DA;EUR
Pamučne jastučnice 50x70 / 2+2 GRATIS - Ljubičasta;50540023939411;Tekstilko;;kom;14,99;;;;14,99;14,99;;DA;EUR
Pamučne jastučnice 50x70 / 2+2 GRATIS - Plava;50540024070483;Tekstilko;;kom;14,99;;;;14,99;14,99;;DA;EUR
Pamučne jastučnice 50x70 / 2+2 GRATIS - Roza;50540024299859;Tekstilko;;kom;14,99;;;;14,99;14,99;;DA;EUR
Pamučne jastučnice 50x70 / 2+2 GRATIS - Siva;50540024004947;Tekstilko;;kom;14,99;;;;14,99;14,99;;DA;EUR
Pamučne jastučnice 50x70 / 2+2 GRATIS - Svijetlo siva;50540024267091;Tekstilko;;kom;14,99;;;;14,99;14,99;;DA;EUR
Pamučne jastučnice 50x70 / 2+2 GRATIS - Tirkizna;50540024103251;Tekstilko;;kom;14,99;;;;14,99;14,99;;NE;EUR
Pamučne jastučnice 50x70 / 2+2 GRATIS - Žuta;50540023972179;Tekstilko;;kom;14,99;;;;14,99;14,99;;DA;EUR
Plahta (navlaka) za madrac - 14 boja - 100x220 / Bijela;50817424228691;Tekstilko;;kom;11,99;;;;11,99;11,99;;DA;EUR
Plahta (navlaka) za madrac - 14 boja - 100x220 / Boja lososa (narančasto-roza);50817424523603;Tekstilko;;kom;13,99;;;;13,99;13,99;;DA;EUR
Plahta (navlaka) za madrac - 14 boja - 100x220 / Crna;50817424261459;Tekstilko;;kom;13,99;;;;13,99;13,99;;DA;EUR
Plahta (navlaka) za madrac - 14 boja - 100x220 / Ljubičasta;50817424458067;Tekstilko;;kom;13,99;;;;13,99;13,99;;DA;EUR
Plahta (navlaka) za madrac - 14 boja - 100x220 / Plava;50817424294227;Tekstilko;;kom;13,99;;;;13,99;13,99;;DA;EUR
Plahta (navlaka) za madrac - 14 boja - 100x220 / Prašnjavoroza;50817424621907;Tekstilko;;kom;13,99;;;;13,99;13,99;;DA;EUR
Plahta (navlaka) za madrac - 14 boja - 100x220 / Siva;50817424425299;Tekstilko;;kom;13,99;;;;13,99;13,99;;DA;EUR
Plahta (navlaka) za madrac - 14 boja - 100x220 / Svijetloplava;50817424556371;Tekstilko;;kom;13,99;;;;13,99;13,99;;DA;EUR
Plahta (navlaka) za madrac - 14 boja - 100x220 / Svijetlosiva;50817424392531;Tekstilko;;kom;13,99;;;;13,99;13,99;;DA;EUR
Plahta (navlaka) za madrac - 14 boja - 100x220 / Svijetlozelena;50817424490835;Tekstilko;;kom;13,99;;;;13,99;13,99;;DA;EUR
Plahta (navlaka) za madrac - 14 boja - 100x220 / Svijetložuta;50817424589139;Tekstilko;;kom;13,99;;;;13,99;13,99;;DA;EUR
Plahta (navlaka) za madrac - 14 boja - 100x220 / Tamnocrvena (bordo);50817424359763;Tekstilko;;kom;13,99;;;;13,99;13,99;;DA;EUR
Plahta (navlaka) za madrac - 14 boja - 100x220 / Tamnoplava;50817424326995;Tekstilko;;kom;13,99;;;;13,99;13,99;;DA;EUR
Plahta (navlaka) za madrac - 14 boja - 120x180 / Bijela;50817177682259;Tekstilko;;kom;11,99;;;;11,99;11,99;;DA;EUR
Plahta (navlaka) za madrac - 14 boja - 120x180 / Boja lososa (narančasto-roza);50817361281363;Tekstilko;;kom;11,99;;;;11,99;11,99;;NE;EUR
Plahta (navlaka) za madrac - 14 boja - 120x180 / Crna;50817361019219;Tekstilko;;kom;11,99;;;;11,99;11,99;;DA;EUR
Plahta (navlaka) za madrac - 14 boja - 120x180 / Ljubičasta;50817361215827;Tekstilko;;kom;11,99;;;;11,99;11,99;;NE;EUR
Plahta (navlaka) za madrac - 14 boja - 120x180 / Plava;50817361051987;Tekstilko;;kom;11,99;;;;11,99;11,99;;DA;EUR
Plahta (navlaka) za madrac - 14 boja - 120x180 / Prašnjavoroza;50817398604115;Tekstilko;;kom;13,99;;;;13,99;13,99;;NE;EUR
Plahta (navlaka) za madrac - 14 boja - 120x180 / Siva;50817361183059;Tekstilko;;kom;11,99;;;;11,99;11,99;;DA;EUR
Plahta (navlaka) za madrac - 14 boja - 120x180 / Svijetloplava;50817361314131;Tekstilko;;kom;11,99;;;;11,99;11,99;;DA;EUR
Plahta (navlaka) za madrac - 14 boja - 120x180 / Svijetlosiva;50817361150291;Tekstilko;;kom;11,99;;;;11,99;11,99;;DA;EUR
Plahta (navlaka) za madrac - 14 boja - 120x180 / Svijetlozelena;50817361248595;Tekstilko;;kom;11,99;;;;11,99;11,99;;DA;EUR
Plahta (navlaka) za madrac - 14 boja - 120x180 / Svijetložuta;50817361346899;Tekstilko;;kom;11,99;;;;11,99;11,99;;NE;EUR
Plahta (navlaka) za madrac - 14 boja - 120x180 / Tamnocrvena (bordo);50817361117523;Tekstilko;;kom;11,99;;;;11,99;11,99;;DA;EUR
Plahta (navlaka) za madrac - 14 boja - 120x180 / Tamnoplava;50817361084755;Tekstilko;;kom;11,99;;;;11,99;11,99;;DA;EUR
Plahta (navlaka) za madrac - 14 boja - 160x200 / Bijela;50817177649491;Tekstilko;;kom;11,99;;;;11,99;11,99;;DA;EUR
Plahta (navlaka) za madrac - 14 boja - 160x200 / Boja lososa (narančasto-roza);50817360920915;Tekstilko;;kom;11,99;;;;11,99;11,99;;NE;EUR
Plahta (navlaka) za madrac - 14 boja - 160x200 / Crna;50817360658771;Tekstilko;;kom;11,99;;;;11,99;11,99;;DA;EUR
Plahta (navlaka) za madrac - 14 boja - 160x200 / Ljubičasta;50817360855379;Tekstilko;;kom;11,99;;;;11,99;11,99;;NE;EUR
Plahta (navlaka) za madrac - 14 boja - 160x200 / Plava;50817360691539;Tekstilko;;kom;11,99;;;;11,99;11,99;;DA;EUR
Plahta (navlaka) za madrac - 14 boja - 160x200 / Prašnjavoroza;50817398571347;Tekstilko;;kom;13,99;;;;13,99;13,99;;NE;EUR
Plahta (navlaka) za madrac - 14 boja - 160x200 / Siva;50817360822611;Tekstilko;;kom;11,99;;;;11,99;11,99;;NE;EUR
Plahta (navlaka) za madrac - 14 boja - 160x200 / Svijetloplava;50817360953683;Tekstilko;;kom;11,99;;;;11,99;11,99;;DA;EUR
Plahta (navlaka) za madrac - 14 boja - 160x200 / Svijetlosiva;50817360789843;Tekstilko;;kom;11,99;;;;11,99;11,99;;NE;EUR
Plahta (navlaka) za madrac - 14 boja - 160x200 / Svijetlozelena;50817360888147;Tekstilko;;kom;11,99;;;;11,99;11,99;;DA;EUR
Plahta (navlaka) za madrac - 14 boja - 160x200 / Svijetložuta;50817360986451;Tekstilko;;kom;11,99;;;;11,99;11,99;;NE;EUR
Plahta (navlaka) za madrac - 14 boja - 160x200 / Tamnocrvena (bordo);50817360757075;Tekstilko;;kom;11,99;;;;11,99;11,99;;DA;EUR
Plahta (navlaka) za madrac - 14 boja - 160x200 / Tamnoplava;50817360724307;Tekstilko;;kom;11,99;;;;11,99;11,99;;DA;EUR
Plahta (navlaka) za madrac - 14 boja - 180x200 / Bijela;50817177616723;Tekstilko;;kom;12,99;;;;12,99;12,99;;DA;EUR
Plahta (navlaka) za madrac - 14 boja - 180x200 / Boja lososa (narančasto-roza);50817360560467;Tekstilko;;kom;12,99;;;;12,99;12,99;;NE;EUR
Plahta (navlaka) za madrac - 14 boja - 180x200 / Crna;50817360298323;Tekstilko;;kom;12,99;;;;12,99;12,99;;DA;EUR
Plahta (navlaka) za madrac - 14 boja - 180x200 / Ljubičasta;50817360494931;Tekstilko;;kom;12,99;;;;12,99;12,99;;NE;EUR
Plahta (navlaka) za madrac - 14 boja - 180x200 / Plava;50817360331091;Tekstilko;;kom;12,99;;;;12,99;12,99;;DA;EUR
Plahta (navlaka) za madrac - 14 boja - 180x200 / Prašnjavoroza;50817398538579;Tekstilko;;kom;13,99;;;;13,99;13,99;;NE;EUR
Plahta (navlaka) za madrac - 14 boja - 180x200 / Siva;50817360462163;Tekstilko;;kom;12,99;;;;12,99;12,99;;DA;EUR
Plahta (navlaka) za madrac - 14 boja - 180x200 / Svijetloplava;50817360593235;Tekstilko;;kom;12,99;;;;12,99;12,99;;DA;EUR
Plahta (navlaka) za madrac - 14 boja - 180x200 / Svijetlosiva;50817360429395;Tekstilko;;kom;12,99;;;;12,99;12,99;;DA;EUR
Plahta (navlaka) za madrac - 14 boja - 180x200 / Svijetlozelena;50817360527699;Tekstilko;;kom;12,99;;;;12,99;12,99;;DA;EUR
Plahta (navlaka) za madrac - 14 boja - 180x200 / Svijetložuta;50817360626003;Tekstilko;;kom;12,99;;;;12,99;12,99;;NE;EUR
Plahta (navlaka) za madrac - 14 boja - 180x200 / Tamnocrvena (bordo);50817360396627;Tekstilko;;kom;12,99;;;;12,99;12,99;;DA;EUR
Plahta (navlaka) za madrac - 14 boja - 180x200 / Tamnoplava;50817360363859;Tekstilko;;kom;12,99;;;;12,99;12,99;;DA;EUR
Plahta (navlaka) za madrac - 14 boja - 220x240 / Bijela;50817177583955;Tekstilko;;kom;13,99;;;;13,99;13,99;;DA;EUR
Plahta (navlaka) za madrac - 14 boja - 220x240 / Boja lososa (narančasto-roza);50817360200019;Tekstilko;;kom;13,99;;;;13,99;13,99;;DA;EUR
Plahta (navlaka) za madrac - 14 boja - 220x240 / Crna;50817359937875;Tekstilko;;kom;13,99;;;;13,99;13,99;;DA;EUR
Plahta (navlaka) za madrac - 14 boja - 220x240 / Ljubičasta;50817360134483;Tekstilko;;kom;13,99;;;;13,99;13,99;;DA;EUR
Plahta (navlaka) za madrac - 14 boja - 220x240 / Plava;50817359970643;Tekstilko;;kom;13,99;;;;13,99;13,99;;DA;EUR
Plahta (navlaka) za madrac - 14 boja - 220x240 / Prašnjavoroza;50817398505811;Tekstilko;;kom;13,99;;;;13,99;13,99;;NE;EUR
Plahta (navlaka) za madrac - 14 boja - 220x240 / Siva;50817360101715;Tekstilko;;kom;13,99;;;;13,99;13,99;;DA;EUR
Plahta (navlaka) za madrac - 14 boja - 220x240 / Svijetloplava;50817360232787;Tekstilko;;kom;13,99;;;;13,99;13,99;;DA;EUR
Plahta (navlaka) za madrac - 14 boja - 220x240 / Svijetlosiva;50817360068947;Tekstilko;;kom;13,99;;;;13,99;13,99;;DA;EUR
Plahta (navlaka) za madrac - 14 boja - 220x240 / Svijetlozelena;50817360167251;Tekstilko;;kom;13,99;;;;13,99;13,99;;DA;EUR
Plahta (navlaka) za madrac - 14 boja - 220x240 / Svijetložuta;50817360265555;Tekstilko;;kom;13,99;;;;13,99;13,99;;DA;EUR
Plahta (navlaka) za madrac - 14 boja - 220x240 / Tamnocrvena (bordo);50817360036179;Tekstilko;;kom;13,99;;;;13,99;13,99;;DA;EUR
Plahta (navlaka) za madrac - 14 boja - 220x240 / Tamnoplava;50817360003411;Tekstilko;;kom;13,99;;;;13,99;13,99;;DA;EUR
Poplun, silikonske granule 140x200,220x240;50501051056467;Tekstilko;;kom;50,00;;;;50,00;50,00;;NE;EUR
Posteljina 3-dijelna jednokrevetna - 50 dezena - 1;52726275506515;DomTex;;kom;20,99;;;;20,99;20,99;;DA;EUR
Posteljina 3-dijelna jednokrevetna - 50 dezena - 10;52726275801427;DomTex;;kom;20,99;;;;20,99;20,99;;DA;EUR
Posteljina 3-dijelna jednokrevetna - 50 dezena - 11;52726275834195;DomTex;;kom;20,99;;;;20,99;20,99;;DA;EUR
Posteljina 3-dijelna jednokrevetna - 50 dezena - 12;52726275866963;DomTex;;kom;20,99;;;;20,99;20,99;;DA;EUR
Posteljina 3-dijelna jednokrevetna - 50 dezena - 13;52726275899731;DomTex;;kom;20,99;;;;20,99;20,99;;DA;EUR
Posteljina 3-dijelna jednokrevetna - 50 dezena - 14;52726275932499;DomTex;;kom;20,99;;;;20,99;20,99;;DA;EUR
Posteljina 3-dijelna jednokrevetna - 50 dezena - 15;52726275965267;DomTex;;kom;20,99;;;;20,99;20,99;;DA;EUR
Posteljina 3-dijelna jednokrevetna - 50 dezena - 16;52726275998035;DomTex;;kom;20,99;;;;20,99;20,99;;NE;EUR
Posteljina 3-dijelna jednokrevetna - 50 dezena - 17;52726276030803;DomTex;;kom;20,99;;;;20,99;20,99;;NE;EUR
Posteljina 3-dijelna jednokrevetna - 50 dezena - 18;52726276063571;DomTex;;kom;20,99;;;;20,99;20,99;;DA;EUR
Posteljina 3-dijelna jednokrevetna - 50 dezena - 19;52726276096339;DomTex;;kom;20,99;;;;20,99;20,99;;DA;EUR
Posteljina 3-dijelna jednokrevetna - 50 dezena - 2;52726275539283;DomTex;;kom;20,99;;;;20,99;20,99;;DA;EUR
Posteljina 3-dijelna jednokrevetna - 50 dezena - 20;52785819779411;DomTex;;kom;20,99;;;;20,99;20,99;;DA;EUR
Posteljina 3-dijelna jednokrevetna - 50 dezena - 21;52785819812179;DomTex;;kom;20,99;;;;20,99;20,99;;DA;EUR
Posteljina 3-dijelna jednokrevetna - 50 dezena - 22;52785819844947;DomTex;;kom;20,99;;;;20,99;20,99;;DA;EUR
Posteljina 3-dijelna jednokrevetna - 50 dezena - 23;52785819877715;DomTex;;kom;20,99;;;;20,99;20,99;;NE;EUR
Posteljina 3-dijelna jednokrevetna - 50 dezena - 24;52785819910483;DomTex;;kom;20,99;;;;20,99;20,99;;DA;EUR
Posteljina 3-dijelna jednokrevetna - 50 dezena - 25;52785819943251;DomTex;;kom;20,99;;;;20,99;20,99;;NE;EUR
Posteljina 3-dijelna jednokrevetna - 50 dezena - 26;52785819976019;DomTex;;kom;20,99;;;;20,99;20,99;;DA;EUR
Posteljina 3-dijelna jednokrevetna - 50 dezena - 27;52785820008787;DomTex;;kom;20,99;;;;20,99;20,99;;NE;EUR
Posteljina 3-dijelna jednokrevetna - 50 dezena - 28;52785820041555;DomTex;;kom;20,99;;;;20,99;20,99;;NE;EUR
Posteljina 3-dijelna jednokrevetna - 50 dezena - 29;52785820074323;DomTex;;kom;20,99;;;;20,99;20,99;;NE;EUR
Posteljina 3-dijelna jednokrevetna - 50 dezena - 3;52726275572051;DomTex;;kom;20,99;;;;20,99;20,99;;DA;EUR
Posteljina 3-dijelna jednokrevetna - 50 dezena - 30;52785820107091;DomTex;;kom;20,99;;;;20,99;20,99;;NE;EUR
Posteljina 3-dijelna jednokrevetna - 50 dezena - 31;52785820139859;DomTex;;kom;20,99;;;;20,99;20,99;;NE;EUR
Posteljina 3-dijelna jednokrevetna - 50 dezena - 32;52785820172627;DomTex;;kom;20,99;;;;20,99;20,99;;NE;EUR
Posteljina 3-dijelna jednokrevetna - 50 dezena - 33;52785820205395;DomTex;;kom;20,99;;;;20,99;20,99;;NE;EUR
Posteljina 3-dijelna jednokrevetna - 50 dezena - 34;52785820238163;DomTex;;kom;20,99;;;;20,99;20,99;;NE;EUR
Posteljina 3-dijelna jednokrevetna - 50 dezena - 35;52785820270931;DomTex;;kom;20,99;;;;20,99;20,99;;NE;EUR
Posteljina 3-dijelna jednokrevetna - 50 dezena - 36;52785820303699;DomTex;;kom;20,99;;;;20,99;20,99;;DA;EUR
Posteljina 3-dijelna jednokrevetna - 50 dezena - 37;52785820336467;DomTex;;kom;20,99;;;;20,99;20,99;;DA;EUR
Posteljina 3-dijelna jednokrevetna - 50 dezena - 38;52785820369235;DomTex;;kom;20,99;;;;20,99;20,99;;NE;EUR
Posteljina 3-dijelna jednokrevetna - 50 dezena - 39;52785820402003;DomTex;;kom;20,99;;;;20,99;20,99;;DA;EUR
Posteljina 3-dijelna jednokrevetna - 50 dezena - 4;52726275604819;DomTex;;kom;20,99;;;;20,99;20,99;;DA;EUR
Posteljina 3-dijelna jednokrevetna - 50 dezena - 40;52785820434771;DomTex;;kom;20,99;;;;20,99;20,99;;DA;EUR
Posteljina 3-dijelna jednokrevetna - 50 dezena - 41;52785820467539;DomTex;;kom;20,99;;;;20,99;20,99;;DA;EUR
Posteljina 3-dijelna jednokrevetna - 50 dezena - 42;52785820500307;DomTex;;kom;20,99;;;;20,99;20,99;;NE;EUR
Posteljina 3-dijelna jednokrevetna - 50 dezena - 5;52726275637587;DomTex;;kom;20,99;;;;20,99;20,99;;DA;EUR
Posteljina 3-dijelna jednokrevetna - 50 dezena - 6;52726275670355;DomTex;;kom;20,99;;;;20,99;20,99;;DA;EUR
Posteljina 3-dijelna jednokrevetna - 50 dezena - 7;52726275703123;DomTex;;kom;20,99;;;;20,99;20,99;;DA;EUR
Posteljina 3-dijelna jednokrevetna - 50 dezena - 8;52726275735891;DomTex;;kom;20,99;;;;20,99;20,99;;DA;EUR
Posteljina 3-dijelna jednokrevetna - 50 dezena - 9;52726275768659;DomTex;;kom;20,99;;;;20,99;20,99;;DA;EUR
Posteljina 6 - dijelna LUX - 1;52987733508435;DomTex;;kom;25,99;;;;25,99;25,99;;DA;EUR
Posteljina 6 - dijelna LUX - 10;52987733803347;DomTex;;kom;25,99;;;;25,99;25,99;;DA;EUR
Posteljina 6 - dijelna LUX - 100;52987736752467;DomTex;;kom;25,99;;;;25,99;25,99;;DA;EUR
Posteljina 6 - dijelna LUX - 101;52987736785235;DomTex;;kom;25,99;;;;25,99;25,99;;NE;EUR
Posteljina 6 - dijelna LUX - 102;52987736818003;DomTex;;kom;25,99;;;;25,99;25,99;;DA;EUR
Posteljina 6 - dijelna LUX - 103;52987736850771;DomTex;;kom;25,99;;;;25,99;25,99;;NE;EUR
Posteljina 6 - dijelna LUX - 104;52987736883539;DomTex;;kom;25,99;;;;25,99;25,99;;DA;EUR
Posteljina 6 - dijelna LUX - 105;52987736916307;DomTex;;kom;25,99;;;;25,99;25,99;;DA;EUR
Posteljina 6 - dijelna LUX - 106;52987736949075;DomTex;;kom;25,99;;;;25,99;25,99;;DA;EUR
Posteljina 6 - dijelna LUX - 107;52987736981843;DomTex;;kom;25,99;;;;25,99;25,99;;DA;EUR
Posteljina 6 - dijelna LUX - 108;52987737014611;DomTex;;kom;25,99;;;;25,99;25,99;;NE;EUR
Posteljina 6 - dijelna LUX - 109;52987737047379;DomTex;;kom;25,99;;;;25,99;25,99;;DA;EUR
Posteljina 6 - dijelna LUX - 11;52987733836115;DomTex;;kom;25,99;;;;25,99;25,99;;DA;EUR
Posteljina 6 - dijelna LUX - 110;52987737080147;DomTex;;kom;25,99;;;;25,99;25,99;;DA;EUR
Posteljina 6 - dijelna LUX - 111;52987737112915;DomTex;;kom;25,99;;;;25,99;25,99;;DA;EUR
Posteljina 6 - dijelna LUX - 112;52987737145683;DomTex;;kom;25,99;;;;25,99;25,99;;DA;EUR
Posteljina 6 - dijelna LUX - 113;52987737178451;DomTex;;kom;25,99;;;;25,99;25,99;;DA;EUR
Posteljina 6 - dijelna LUX - 114;52987737211219;DomTex;;kom;25,99;;;;25,99;25,99;;NE;EUR
Posteljina 6 - dijelna LUX - 115;52987737243987;DomTex;;kom;25,99;;;;25,99;25,99;;DA;EUR
Posteljina 6 - dijelna LUX - 12;52987733868883;DomTex;;kom;25,99;;;;25,99;25,99;;DA;EUR
Posteljina 6 - dijelna LUX - 13;52987733901651;DomTex;;kom;25,99;;;;25,99;25,99;;DA;EUR
Posteljina 6 - dijelna LUX - 14;52987733934419;DomTex;;kom;25,99;;;;25,99;25,99;;DA;EUR
Posteljina 6 - dijelna LUX - 15;52987733967187;DomTex;;kom;25,99;;;;25,99;25,99;;DA;EUR
Posteljina 6 - dijelna LUX - 16;52987733999955;DomTex;;kom;25,99;;;;25,99;25,99;;DA;EUR
Posteljina 6 - dijelna LUX - 17;52987734032723;DomTex;;kom;25,99;;;;25,99;25,99;;DA;EUR
Posteljina 6 - dijelna LUX - 18;52987734065491;DomTex;;kom;25,99;;;;25,99;25,99;;DA;EUR
Posteljina 6 - dijelna LUX - 19;52987734098259;DomTex;;kom;25,99;;;;25,99;25,99;;DA;EUR
Posteljina 6 - dijelna LUX - 2;52987733541203;DomTex;;kom;25,99;;;;25,99;25,99;;DA;EUR
Posteljina 6 - dijelna LUX - 20;52987734131027;DomTex;;kom;25,99;;;;25,99;25,99;;DA;EUR
Posteljina 6 - dijelna LUX - 21;52987734163795;DomTex;;kom;25,99;;;;25,99;25,99;;DA;EUR
Posteljina 6 - dijelna LUX - 22;52987734196563;DomTex;;kom;25,99;;;;25,99;25,99;;DA;EUR
Posteljina 6 - dijelna LUX - 23;52987734229331;DomTex;;kom;25,99;;;;25,99;25,99;;DA;EUR
Posteljina 6 - dijelna LUX - 24;52987734262099;DomTex;;kom;25,99;;;;25,99;25,99;;DA;EUR
Posteljina 6 - dijelna LUX - 25;52987734294867;DomTex;;kom;25,99;;;;25,99;25,99;;DA;EUR
Posteljina 6 - dijelna LUX - 26;52987734327635;DomTex;;kom;25,99;;;;25,99;25,99;;DA;EUR
Posteljina 6 - dijelna LUX - 27;52987734360403;DomTex;;kom;25,99;;;;25,99;25,99;;DA;EUR
Posteljina 6 - dijelna LUX - 28;52987734393171;DomTex;;kom;25,99;;;;25,99;25,99;;DA;EUR
Posteljina 6 - dijelna LUX - 29;52987734425939;DomTex;;kom;25,99;;;;25,99;25,99;;DA;EUR
Posteljina 6 - dijelna LUX - 3;52987733573971;DomTex;;kom;25,99;;;;25,99;25,99;;DA;EUR
Posteljina 6 - dijelna LUX - 30;52987734458707;DomTex;;kom;25,99;;;;25,99;25,99;;DA;EUR
Posteljina 6 - dijelna LUX - 31;52987734491475;DomTex;;kom;25,99;;;;25,99;25,99;;DA;EUR
Posteljina 6 - dijelna LUX - 32;52987734524243;DomTex;;kom;25,99;;;;25,99;25,99;;DA;EUR
Posteljina 6 - dijelna LUX - 33;52987734557011;DomTex;;kom;25,99;;;;25,99;25,99;;DA;EUR
Posteljina 6 - dijelna LUX - 34;52987734589779;DomTex;;kom;25,99;;;;25,99;25,99;;DA;EUR
Posteljina 6 - dijelna LUX - 35;52987734622547;DomTex;;kom;25,99;;;;25,99;25,99;;DA;EUR
Posteljina 6 - dijelna LUX - 36;52987734655315;DomTex;;kom;25,99;;;;25,99;25,99;;DA;EUR
Posteljina 6 - dijelna LUX - 37;52987734688083;DomTex;;kom;25,99;;;;25,99;25,99;;NE;EUR
Posteljina 6 - dijelna LUX - 38;52987734720851;DomTex;;kom;25,99;;;;25,99;25,99;;DA;EUR
Posteljina 6 - dijelna LUX - 39;52987734753619;DomTex;;kom;25,99;;;;25,99;25,99;;DA;EUR
Posteljina 6 - dijelna LUX - 4;52987733606739;DomTex;;kom;25,99;;;;25,99;25,99;;DA;EUR
Posteljina 6 - dijelna LUX - 40;52987734786387;DomTex;;kom;25,99;;;;25,99;25,99;;NE;EUR
Posteljina 6 - dijelna LUX - 41;52987734819155;DomTex;;kom;25,99;;;;25,99;25,99;;DA;EUR
Posteljina 6 - dijelna LUX - 42;52987734851923;DomTex;;kom;25,99;;;;25,99;25,99;;DA;EUR
Posteljina 6 - dijelna LUX - 43;52987734884691;DomTex;;kom;25,99;;;;25,99;25,99;;DA;EUR
Posteljina 6 - dijelna LUX - 44;52987734917459;DomTex;;kom;25,99;;;;25,99;25,99;;DA;EUR
Posteljina 6 - dijelna LUX - 45;52987734950227;DomTex;;kom;25,99;;;;25,99;25,99;;NE;EUR
Posteljina 6 - dijelna LUX - 46;52987734982995;DomTex;;kom;25,99;;;;25,99;25,99;;NE;EUR
Posteljina 6 - dijelna LUX - 47;52987735015763;DomTex;;kom;25,99;;;;25,99;25,99;;DA;EUR
Posteljina 6 - dijelna LUX - 48;52987735048531;DomTex;;kom;25,99;;;;25,99;25,99;;DA;EUR
Posteljina 6 - dijelna LUX - 49;52987735081299;DomTex;;kom;25,99;;;;25,99;25,99;;DA;EUR
Posteljina 6 - dijelna LUX - 5;52987733639507;DomTex;;kom;25,99;;;;25,99;25,99;;DA;EUR
Posteljina 6 - dijelna LUX - 50;52987735114067;DomTex;;kom;25,99;;;;25,99;25,99;;NE;EUR
Posteljina 6 - dijelna LUX - 51;52987735146835;DomTex;;kom;25,99;;;;25,99;25,99;;DA;EUR
Posteljina 6 - dijelna LUX - 52;52987735179603;DomTex;;kom;25,99;;;;25,99;25,99;;DA;EUR
Posteljina 6 - dijelna LUX - 53;52987735212371;DomTex;;kom;25,99;;;;25,99;25,99;;DA;EUR
Posteljina 6 - dijelna LUX - 54;52987735245139;DomTex;;kom;25,99;;;;25,99;25,99;;DA;EUR
Posteljina 6 - dijelna LUX - 55;52987735277907;DomTex;;kom;25,99;;;;25,99;25,99;;DA;EUR
Posteljina 6 - dijelna LUX - 56;52987735310675;DomTex;;kom;25,99;;;;25,99;25,99;;DA;EUR
Posteljina 6 - dijelna LUX - 57;52987735343443;DomTex;;kom;25,99;;;;25,99;25,99;;DA;EUR
Posteljina 6 - dijelna LUX - 58;52987735376211;DomTex;;kom;25,99;;;;25,99;25,99;;NE;EUR
Posteljina 6 - dijelna LUX - 59;52987735408979;DomTex;;kom;25,99;;;;25,99;25,99;;DA;EUR
Posteljina 6 - dijelna LUX - 6;52987733672275;DomTex;;kom;25,99;;;;25,99;25,99;;DA;EUR
Posteljina 6 - dijelna LUX - 60;52987735441747;DomTex;;kom;25,99;;;;25,99;25,99;;DA;EUR
Posteljina 6 - dijelna LUX - 61;52987735474515;DomTex;;kom;25,99;;;;25,99;25,99;;NE;EUR
Posteljina 6 - dijelna LUX - 62;52987735507283;DomTex;;kom;25,99;;;;25,99;25,99;;DA;EUR
Posteljina 6 - dijelna LUX - 63;52987735540051;DomTex;;kom;25,99;;;;25,99;25,99;;DA;EUR
Posteljina 6 - dijelna LUX - 64;52987735572819;DomTex;;kom;25,99;;;;25,99;25,99;;NE;EUR
Posteljina 6 - dijelna LUX - 65;52987735605587;DomTex;;kom;25,99;;;;25,99;25,99;;DA;EUR
Posteljina 6 - dijelna LUX - 66;52987735638355;DomTex;;kom;25,99;;;;25,99;25,99;;NE;EUR
Posteljina 6 - dijelna LUX - 67;52987735671123;DomTex;;kom;25,99;;;;25,99;25,99;;DA;EUR
Posteljina 6 - dijelna LUX - 68;52987735703891;DomTex;;kom;25,99;;;;25,99;25,99;;NE;EUR
Posteljina 6 - dijelna LUX - 69;52987735736659;DomTex;;kom;25,99;;;;25,99;25,99;;NE;EUR
Posteljina 6 - dijelna LUX - 7;52987733705043;DomTex;;kom;25,99;;;;25,99;25,99;;DA;EUR
Posteljina 6 - dijelna LUX - 70;52987735769427;DomTex;;kom;25,99;;;;25,99;25,99;;DA;EUR
Posteljina 6 - dijelna LUX - 71;52987735802195;DomTex;;kom;25,99;;;;25,99;25,99;;DA;EUR
Posteljina 6 - dijelna LUX - 72;52987735834963;DomTex;;kom;25,99;;;;25,99;25,99;;DA;EUR
Posteljina 6 - dijelna LUX - 73;52987735867731;DomTex;;kom;25,99;;;;25,99;25,99;;DA;EUR
Posteljina 6 - dijelna LUX - 74;52987735900499;DomTex;;kom;25,99;;;;25,99;25,99;;DA;EUR
Posteljina 6 - dijelna LUX - 75;52987735933267;DomTex;;kom;25,99;;;;25,99;25,99;;NE;EUR
Posteljina 6 - dijelna LUX - 76;52987735966035;DomTex;;kom;25,99;;;;25,99;25,99;;DA;EUR
Posteljina 6 - dijelna LUX - 77;52987735998803;DomTex;;kom;25,99;;;;25,99;25,99;;DA;EUR
Posteljina 6 - dijelna LUX - 78;52987736031571;DomTex;;kom;25,99;;;;25,99;25,99;;DA;EUR
Posteljina 6 - dijelna LUX - 79;52987736064339;DomTex;;kom;25,99;;;;25,99;25,99;;DA;EUR
Posteljina 6 - dijelna LUX - 8;52987733737811;DomTex;;kom;25,99;;;;25,99;25,99;;DA;EUR
Posteljina 6 - dijelna LUX - 80;52987736097107;DomTex;;kom;25,99;;;;25,99;25,99;;DA;EUR
Posteljina 6 - dijelna LUX - 81;52987736129875;DomTex;;kom;25,99;;;;25,99;25,99;;DA;EUR
Posteljina 6 - dijelna LUX - 82;52987736162643;DomTex;;kom;25,99;;;;25,99;25,99;;DA;EUR
Posteljina 6 - dijelna LUX - 83;52987736195411;DomTex;;kom;25,99;;;;25,99;25,99;;DA;EUR
Posteljina 6 - dijelna LUX - 84;52987736228179;DomTex;;kom;25,99;;;;25,99;25,99;;DA;EUR
Posteljina 6 - dijelna LUX - 85;52987736260947;DomTex;;kom;25,99;;;;25,99;25,99;;DA;EUR
Posteljina 6 - dijelna LUX - 86;52987736293715;DomTex;;kom;25,99;;;;25,99;25,99;;DA;EUR
Posteljina 6 - dijelna LUX - 87;52987736326483;DomTex;;kom;25,99;;;;25,99;25,99;;DA;EUR
Posteljina 6 - dijelna LUX - 88;52987736359251;DomTex;;kom;25,99;;;;25,99;25,99;;DA;EUR
Posteljina 6 - dijelna LUX - 89;52987736392019;DomTex;;kom;25,99;;;;25,99;25,99;;DA;EUR
Posteljina 6 - dijelna LUX - 9;52987733770579;DomTex;;kom;25,99;;;;25,99;25,99;;DA;EUR
Posteljina 6 - dijelna LUX - 90;52987736424787;DomTex;;kom;25,99;;;;25,99;25,99;;DA;EUR
Posteljina 6 - dijelna LUX - 91;52987736457555;DomTex;;kom;25,99;;;;25,99;25,99;;DA;EUR
Posteljina 6 - dijelna LUX - 92;52987736490323;DomTex;;kom;25,99;;;;25,99;25,99;;DA;EUR
Posteljina 6 - dijelna LUX - 93;52987736523091;DomTex;;kom;25,99;;;;25,99;25,99;;NE;EUR
Posteljina 6 - dijelna LUX - 94;52987736555859;DomTex;;kom;25,99;;;;25,99;25,99;;DA;EUR
Posteljina 6 - dijelna LUX - 95;52987736588627;DomTex;;kom;25,99;;;;25,99;25,99;;DA;EUR
Posteljina 6 - dijelna LUX - 96;52987736621395;DomTex;;kom;25,99;;;;25,99;25,99;;DA;EUR
Posteljina 6 - dijelna LUX - 97;52987736654163;DomTex;;kom;25,99;;;;25,99;25,99;;DA;EUR
Posteljina 6 - dijelna LUX - 98;52987736686931;DomTex;;kom;25,99;;;;25,99;25,99;;DA;EUR
Posteljina 6 - dijelna LUX - 99;52987736719699;DomTex;;kom;25,99;;;;25,99;25,99;;DA;EUR
Posteljina 7-dijelna 23 dezena - 1;50588216623443;Tekstilko;;kom;27,99;;;;27,99;27,99;;DA;EUR
Posteljina 7-dijelna 23 dezena - 10;50588216918355;Tekstilko;;kom;27,99;;;;27,99;27,99;;DA;EUR
Posteljina 7-dijelna 23 dezena - 11;50588216951123;Tekstilko;;kom;27,99;;;;27,99;27,99;;DA;EUR
Posteljina 7-dijelna 23 dezena - 12;50588216983891;Tekstilko;;kom;27,99;;;;27,99;27,99;;DA;EUR
Posteljina 7-dijelna 23 dezena - 13;50588217016659;Tekstilko;;kom;27,99;;;;27,99;27,99;;DA;EUR
Posteljina 7-dijelna 23 dezena - 14;50588217049427;Tekstilko;;kom;27,99;;;;27,99;27,99;;DA;EUR
Posteljina 7-dijelna 23 dezena - 15;50588217082195;Tekstilko;;kom;27,99;;;;27,99;27,99;;DA;EUR
Posteljina 7-dijelna 23 dezena - 16;50588217114963;Tekstilko;;kom;27,99;;;;27,99;27,99;;DA;EUR
Posteljina 7-dijelna 23 dezena - 17;50588217147731;Tekstilko;;kom;27,99;;;;27,99;27,99;;DA;EUR
Posteljina 7-dijelna 23 dezena - 18;50588217180499;Tekstilko;;kom;27,99;;;;27,99;27,99;;DA;EUR
Posteljina 7-dijelna 23 dezena - 19;50588217213267;Tekstilko;;kom;27,99;;;;27,99;27,99;;DA;EUR
Posteljina 7-dijelna 23 dezena - 2;50588216656211;Tekstilko;;kom;27,99;;;;27,99;27,99;;DA;EUR
Posteljina 7-dijelna 23 dezena - 20;50588217246035;Tekstilko;;kom;27,99;;;;27,99;27,99;;DA;EUR
Posteljina 7-dijelna 23 dezena - 21;50588217278803;Tekstilko;;kom;27,99;;;;27,99;27,99;;DA;EUR
Posteljina 7-dijelna 23 dezena - 22;50588217311571;Tekstilko;;kom;27,99;;;;27,99;27,99;;NE;EUR
Posteljina 7-dijelna 23 dezena - 23;50588217344339;Tekstilko;;kom;27,99;;;;27,99;27,99;;DA;EUR
Posteljina 7-dijelna 23 dezena - 3;50588216688979;Tekstilko;;kom;27,99;;;;27,99;27,99;;DA;EUR
Posteljina 7-dijelna 23 dezena - 4;50588216721747;Tekstilko;;kom;27,99;;;;27,99;27,99;;DA;EUR
Posteljina 7-dijelna 23 dezena - 5;50588216754515;Tekstilko;;kom;27,99;;;;27,99;27,99;;DA;EUR
Posteljina 7-dijelna 23 dezena - 6;50588216787283;Tekstilko;;kom;27,99;;;;27,99;27,99;;DA;EUR
Posteljina 7-dijelna 23 dezena - 7;50588216820051;Tekstilko;;kom;27,99;;;;27,99;27,99;;DA;EUR
Posteljina 7-dijelna 23 dezena - 8;50588216852819;Tekstilko;;kom;27,99;;;;27,99;27,99;;DA;EUR
Posteljina 7-dijelna 23 dezena - 9;50588216885587;Tekstilko;;kom;27,99;;;;27,99;27,99;;DA;EUR
Prijenosni Power Bank - New Science WX-13;53583373861203;Lotus Centar;;kom;21,25;;;;21,25;21,25;;DA;EUR
Prijenosni Power Bank - New Science WX-14;53583373828435;Lotus Centar;;kom;29,90;;;;29,90;29,90;;DA;EUR
Prošiveni poplun od mikrovlakana – dostupan u dvije dimenzije - 140x200 cm;52220262121811;DomTex;;kom;26,99;;;;26,99;26,99;;DA;EUR
Prošiveni poplun od mikrovlakana – dostupan u dvije dimenzije - 200x220 cm;52220262154579;DomTex;;kom;31,99;;;;31,99;31,99;;DA;EUR
PS4 Kontroler WS-88- 6 boja - crna;53580757631315;KIKY STORE;;kom;39,99;;;;39,99;39,99;;DA;EUR
PS4 Kontroler WS-88- 6 boja - Narančasti;53580757762387;KIKY STORE;;kom;39,99;;;;39,99;39,99;;DA;EUR
PS4 Kontroler WS-88- 6 boja - rozi;53580757795155;KIKY STORE;;kom;39,99;;;;39,99;39,99;;DA;EUR
PS4 Kontroler WS-88- 6 boja - Sivi maskirni;53580757696851;KIKY STORE;;kom;39,99;;;;39,99;39,99;;DA;EUR
PS4 Kontroler WS-88- 6 boja - Svijetlo plavi;53580757664083;KIKY STORE;;kom;39,99;;;;39,99;39,99;;DA;EUR
PS4 Kontroler WS-88- 6 boja - Zeleni maskirni;53580757729619;KIKY STORE;;kom;39,99;;;;39,99;39,99;;DA;EUR
PTZ Rotacijska Nadzorna Kamera JT-8160QJ;50858874077523;Tekstilko;;kom;33,00;;;;33,00;33,00;;DA;EUR
PTZ Rotacijska Nadzorna Kamera JT-8177;50858874011987;Tekstilko;;kom;28,00;;;;28,00;28,00;;DA;EUR
PTZ Rotacijska Nadzorna Kamera JTZ-9697QJ;50858873880915;Tekstilko;;kom;55,00;;;;55,00;55,00;;DA;EUR
Rebrasta deka - 1;52998693421395;Tekstilko;;kom;18,90;;;;18,90;18,90;;DA;EUR
Rebrasta deka - 2;52998693454163;Tekstilko;;kom;18,90;;;;18,90;18,90;;DA;EUR
Rebrasta deka - 3;52998693486931;Tekstilko;;kom;18,90;;;;18,90;18,90;;DA;EUR
Rebrasta deka - 4;52998693519699;Tekstilko;;kom;18,90;;;;18,90;18,90;;DA;EUR
Rebrasta deka - 5;52998693552467;Tekstilko;;kom;18,90;;;;18,90;18,90;;DA;EUR
Rebrasta deka - 6;52998693585235;Tekstilko;;kom;18,90;;;;18,90;18,90;;DA;EUR
Rebrasta deka - 7;52998693618003;Tekstilko;;kom;18,90;;;;18,90;18,90;;DA;EUR
RGB RING 33CM RGB PLAVA;50858871488851;Tekstilko;;kom;29,00;;;;29,00;29,00;;DA;EUR
RGB RING 33CM RGB ROZA;50858871619923;Tekstilko;;kom;29,00;;;;29,00;29,00;;DA;EUR
Set dekorativnih kuhinjskih krpa - Lavanda / 12 krpa;51568364552531;Tekstilko;;kom;19,99;;;;19,99;19,99;;DA;EUR
Set dekorativnih kuhinjskih krpa - Lavanda / 6 krpa;51568364519763;Tekstilko;;kom;14,99;;;;14,99;14,99;;DA;EUR
Set dekorativnih kuhinjskih krpa - Maslina / 12 krpa;51568364618067;Tekstilko;;kom;19,99;;;;19,99;19,99;;DA;EUR
Set dekorativnih kuhinjskih krpa - Maslina / 6 krpa;51568364585299;Tekstilko;;kom;14,99;;;;14,99;14,99;;DA;EUR
Set dekorativnih kuhinjskih krpa - MIX / 12 krpa;51569130832211;Tekstilko;;kom;19,99;;;;19,99;19,99;;DA;EUR
Set dekorativnih kuhinjskih krpa - MIX / 6 krpa;51569130799443;Tekstilko;;kom;14,99;;;;14,99;14,99;;DA;EUR
Set dekorativnih kuhinjskih krpa - Tulipan / 12 krpa;51568364486995;Tekstilko;;kom;19,99;;;;19,99;19,99;;DA;EUR
Set dekorativnih kuhinjskih krpa - Tulipan / 6 krpa;51568364454227;Tekstilko;;kom;14,99;;;;14,99;14,99;;DA;EUR
Set kuhinjskih krpa 100% pamuk - Crna / 10 krpa;50277826920787;Tekstilko;;kom;12,99;;;;12,99;12,99;;DA;EUR
Set kuhinjskih krpa 100% pamuk - Crna / 20 krpa;50277826953555;Tekstilko;;kom;19,99;;;;19,99;19,99;;DA;EUR
Set kuhinjskih krpa 100% pamuk - Naračasta / 10 krpa;50277827117395;Tekstilko;;kom;12,99;;;;12,99;12,99;;DA;EUR
Set kuhinjskih krpa 100% pamuk - Naračasta / 20 krpa;50277827150163;Tekstilko;;kom;19,99;;;;19,99;19,99;;DA;EUR
Set kuhinjskih krpa 100% pamuk - Plava / 10 krpa;50277827051859;Tekstilko;;kom;12,99;;;;12,99;12,99;;NE;EUR
Set kuhinjskih krpa 100% pamuk - Plava / 20 krpa;50277827084627;Tekstilko;;kom;19,99;;;;19,99;19,99;;NE;EUR
Set kuhinjskih krpa 100% pamuk - Roza / 10 krpa;50277826986323;Tekstilko;;kom;12,99;;;;12,99;12,99;;NE;EUR
Set kuhinjskih krpa 100% pamuk - Roza / 20 krpa;50277827019091;Tekstilko;;kom;19,99;;;;19,99;19,99;;NE;EUR
Set kuhinjskih krpa 100% pamuk - Smeđa / 10 krpa;50277827182931;Tekstilko;;kom;12,99;;;;12,99;12,99;;NE;EUR
Set kuhinjskih krpa 100% pamuk - Smeđa / 20 krpa;50277827215699;Tekstilko;;kom;19,99;;;;19,99;19,99;;NE;EUR
Set pamučnih ručnika 70x140 cm, 50x100 cm - 12 ručnika (100x50cm) / 1;50630734086483;Tekstilko;;kom;22,99;;;;22,99;22,99;;DA;EUR
Set pamučnih ručnika 70x140 cm, 50x100 cm - 12 ručnika (100x50cm) / 2;50630734119251;Tekstilko;;kom;22,99;;;;22,99;22,99;;DA;EUR
Set pamučnih ručnika 70x140 cm, 50x100 cm - 12 ručnika (100x50cm) / 3;50630734152019;Tekstilko;;kom;22,99;;;;22,99;22,99;;DA;EUR
Set pamučnih ručnika 70x140 cm, 50x100 cm - 12 ručnika (100x50cm) / 4;50630734184787;Tekstilko;;kom;22,99;;;;22,99;22,99;;DA;EUR
Set pamučnih ručnika 70x140 cm, 50x100 cm - 12 ručnika (100x50cm) / 5;50630734217555;Tekstilko;;kom;22,99;;;;22,99;22,99;;DA;EUR
Set pamučnih ručnika 70x140 cm, 50x100 cm - 12 ručnika (100x50cm) / 6;50630734250323;Tekstilko;;kom;22,99;;;;22,99;22,99;;DA;EUR
Set pamučnih ručnika 70x140 cm, 50x100 cm - 12 ručnika (100x50cm) / 7;50726739575123;Tekstilko;;kom;22,99;;;;22,99;22,99;;DA;EUR
Set pamučnih ručnika 70x140 cm, 50x100 cm - 12 ručnika (100x50cm) / 8;50817518928211;Tekstilko;;kom;22,99;;;;22,99;22,99;;DA;EUR
Set pamučnih ručnika 70x140 cm, 50x100 cm - 6 ručnika (140x70cm) / 1;50630733889875;Tekstilko;;kom;22,99;;;;22,99;22,99;;DA;EUR
Set pamučnih ručnika 70x140 cm, 50x100 cm - 6 ručnika (140x70cm) / 2;50630733922643;Tekstilko;;kom;22,99;;;;22,99;22,99;;DA;EUR
Set pamučnih ručnika 70x140 cm, 50x100 cm - 6 ručnika (140x70cm) / 3;50630733955411;Tekstilko;;kom;22,99;;;;22,99;22,99;;DA;EUR
Set pamučnih ručnika 70x140 cm, 50x100 cm - 6 ručnika (140x70cm) / 4;50630733988179;Tekstilko;;kom;22,99;;;;22,99;22,99;;DA;EUR
Set pamučnih ručnika 70x140 cm, 50x100 cm - 6 ručnika (140x70cm) / 5;50630734020947;Tekstilko;;kom;22,99;;;;22,99;22,99;;DA;EUR
Set pamučnih ručnika 70x140 cm, 50x100 cm - 6 ručnika (140x70cm) / 6;50630734053715;Tekstilko;;kom;22,99;;;;22,99;22,99;;DA;EUR
Set pamučnih ručnika 70x140 cm, 50x100 cm - 6 ručnika (140x70cm) / 7;50726739542355;Tekstilko;;kom;22,99;;;;22,99;22,99;;DA;EUR
Set pamučnih ručnika 70x140 cm, 50x100 cm - 6 ručnika (140x70cm) / 8;50817518895443;Tekstilko;;kom;22,99;;;;22,99;22,99;;DA;EUR
Set prednje i stražnje LED svjetlo za bicikl DL-26;50858871456083;Tekstilko;;kom;12,00;;;;12,00;12,00;;DA;EUR
Set stolnjaka i 6 univerzalnih navlaka za stolice - #1;50277891014995;DomTex;;kom;27,99;;;;27,99;27,99;;DA;EUR
Set stolnjaka i 6 univerzalnih navlaka za stolice - #10;50277891309907;DomTex;;kom;27,99;;;;27,99;27,99;;DA;EUR
Set stolnjaka i 6 univerzalnih navlaka za stolice - #11;50277892489555;DomTex;;kom;27,99;;;;27,99;27,99;;DA;EUR
Set stolnjaka i 6 univerzalnih navlaka za stolice - #12;50277892522323;DomTex;;kom;27,99;;;;27,99;27,99;;DA;EUR
Set stolnjaka i 6 univerzalnih navlaka za stolice - #13;50277892555091;DomTex;;kom;27,99;;;;27,99;27,99;;DA;EUR
Set stolnjaka i 6 univerzalnih navlaka za stolice - #14;50277892587859;DomTex;;kom;27,99;;;;27,99;27,99;;DA;EUR
Set stolnjaka i 6 univerzalnih navlaka za stolice - #15;50277900648787;DomTex;;kom;27,99;;;;27,99;27,99;;DA;EUR
Set stolnjaka i 6 univerzalnih navlaka za stolice - #16;51854551712083;DomTex;;kom;27,99;;;;27,99;27,99;;NE;EUR
Set stolnjaka i 6 univerzalnih navlaka za stolice - #17;51854551744851;DomTex;;kom;27,99;;;;27,99;27,99;;NE;EUR
Set stolnjaka i 6 univerzalnih navlaka za stolice - #18;51854551777619;DomTex;;kom;27,99;;;;27,99;27,99;;NE;EUR
Set stolnjaka i 6 univerzalnih navlaka za stolice - #19;51854551810387;DomTex;;kom;27,99;;;;27,99;27,99;;NE;EUR
Set stolnjaka i 6 univerzalnih navlaka za stolice - #2;50277891047763;DomTex;;kom;27,99;;;;27,99;27,99;;DA;EUR
Set stolnjaka i 6 univerzalnih navlaka za stolice - #20;51854551843155;DomTex;;kom;27,99;;;;27,99;27,99;;NE;EUR
Set stolnjaka i 6 univerzalnih navlaka za stolice - #21;51854551875923;DomTex;;kom;27,99;;;;27,99;27,99;;NE;EUR
Set stolnjaka i 6 univerzalnih navlaka za stolice - #22;51854551908691;DomTex;;kom;27,99;;;;27,99;27,99;;NE;EUR
Set stolnjaka i 6 univerzalnih navlaka za stolice - #23;51854551941459;DomTex;;kom;27,99;;;;27,99;27,99;;NE;EUR
Set stolnjaka i 6 univerzalnih navlaka za stolice - #24;51854551974227;DomTex;;kom;27,99;;;;27,99;27,99;;NE;EUR
Set stolnjaka i 6 univerzalnih navlaka za stolice - #25;51854552006995;DomTex;;kom;27,99;;;;27,99;27,99;;NE;EUR
Set stolnjaka i 6 univerzalnih navlaka za stolice - #26;51854552039763;DomTex;;kom;27,99;;;;27,99;27,99;;NE;EUR
Set stolnjaka i 6 univerzalnih navlaka za stolice - #27;51854552072531;DomTex;;kom;27,99;;;;27,99;27,99;;NE;EUR
Set stolnjaka i 6 univerzalnih navlaka za stolice - #3;50277891080531;DomTex;;kom;27,99;;;;27,99;27,99;;DA;EUR
Set stolnjaka i 6 univerzalnih navlaka za stolice - #4;50277891113299;DomTex;;kom;27,99;;;;27,99;27,99;;DA;EUR
Set stolnjaka i 6 univerzalnih navlaka za stolice - #5;50277891146067;DomTex;;kom;27,99;;;;27,99;27,99;;DA;EUR
Set stolnjaka i 6 univerzalnih navlaka za stolice - #6;50277891178835;DomTex;;kom;27,99;;;;27,99;27,99;;DA;EUR
Set stolnjaka i 6 univerzalnih navlaka za stolice - #7;50277891211603;DomTex;;kom;27,99;;;;27,99;27,99;;DA;EUR
Set stolnjaka i 6 univerzalnih navlaka za stolice - #8;50277891244371;DomTex;;kom;27,99;;;;27,99;27,99;;DA;EUR
Set stolnjaka i 6 univerzalnih navlaka za stolice - #9;50277891277139;DomTex;;kom;27,99;;;;27,99;27,99;;DA;EUR
Soft Deka 3 kg – 200x240 cm - 1;51965220487507;DomTex;;kom;37,99;;;;37,99;37,99;;DA;EUR
Soft Deka 3 kg – 200x240 cm - 10;51965220782419;DomTex;;kom;37,99;;;;37,99;37,99;;DA;EUR
Soft Deka 3 kg – 200x240 cm - 11;51965220815187;DomTex;;kom;37,99;;;;37,99;37,99;;DA;EUR
Soft Deka 3 kg – 200x240 cm - 12;51965220847955;DomTex;;kom;37,99;;;;37,99;37,99;;DA;EUR
Soft Deka 3 kg – 200x240 cm - 13;51965220880723;DomTex;;kom;37,99;;;;37,99;37,99;;DA;EUR
Soft Deka 3 kg – 200x240 cm - 14;51965220913491;DomTex;;kom;37,99;;;;37,99;37,99;;DA;EUR
Soft Deka 3 kg – 200x240 cm - 15;51965220946259;DomTex;;kom;37,99;;;;37,99;37,99;;DA;EUR
Soft Deka 3 kg – 200x240 cm - 16;51965220979027;DomTex;;kom;37,99;;;;37,99;37,99;;DA;EUR
Soft Deka 3 kg – 200x240 cm - 17;51965221011795;DomTex;;kom;37,99;;;;37,99;37,99;;DA;EUR
Soft Deka 3 kg – 200x240 cm - 18;51965221044563;DomTex;;kom;37,99;;;;37,99;37,99;;DA;EUR
Soft Deka 3 kg – 200x240 cm - 19;51965221077331;DomTex;;kom;37,99;;;;37,99;37,99;;DA;EUR
Soft Deka 3 kg – 200x240 cm - 2;51965220520275;DomTex;;kom;37,99;;;;37,99;37,99;;DA;EUR
Soft Deka 3 kg – 200x240 cm - 20;51965221110099;DomTex;;kom;37,99;;;;37,99;37,99;;DA;EUR
Soft Deka 3 kg – 200x240 cm - 21;51965221142867;DomTex;;kom;37,99;;;;37,99;37,99;;DA;EUR
Soft Deka 3 kg – 200x240 cm - 22;51965221175635;DomTex;;kom;37,99;;;;37,99;37,99;;DA;EUR
Soft Deka 3 kg – 200x240 cm - 23;51965221208403;DomTex;;kom;37,99;;;;37,99;37,99;;DA;EUR
Soft Deka 3 kg – 200x240 cm - 24;51965221241171;DomTex;;kom;37,99;;;;37,99;37,99;;DA;EUR
Soft Deka 3 kg – 200x240 cm - 25;51965221273939;DomTex;;kom;37,99;;;;37,99;37,99;;DA;EUR
Soft Deka 3 kg – 200x240 cm - 26;51965221306707;DomTex;;kom;37,99;;;;37,99;37,99;;NE;EUR
Soft Deka 3 kg – 200x240 cm - 27;51965221339475;DomTex;;kom;37,99;;;;37,99;37,99;;DA;EUR
Soft Deka 3 kg – 200x240 cm - 28;51965221372243;DomTex;;kom;37,99;;;;37,99;37,99;;DA;EUR
Soft Deka 3 kg – 200x240 cm - 29;51965221405011;DomTex;;kom;37,99;;;;37,99;37,99;;DA;EUR
Soft Deka 3 kg – 200x240 cm - 3;51965220553043;DomTex;;kom;37,99;;;;37,99;37,99;;NE;EUR
Soft Deka 3 kg – 200x240 cm - 30;51965221437779;DomTex;;kom;37,99;;;;37,99;37,99;;DA;EUR
Soft Deka 3 kg – 200x240 cm - 31;51965221470547;DomTex;;kom;37,99;;;;37,99;37,99;;DA;EUR
Soft Deka 3 kg – 200x240 cm - 32;51965221503315;DomTex;;kom;37,99;;;;37,99;37,99;;DA;EUR
Soft Deka 3 kg – 200x240 cm - 33;51965221536083;DomTex;;kom;37,99;;;;37,99;37,99;;DA;EUR
Soft Deka 3 kg – 200x240 cm - 4;51965220585811;DomTex;;kom;37,99;;;;37,99;37,99;;NE;EUR
Soft Deka 3 kg – 200x240 cm - 5;51965220618579;DomTex;;kom;37,99;;;;37,99;37,99;;DA;EUR
Soft Deka 3 kg – 200x240 cm - 6;51965220651347;DomTex;;kom;37,99;;;;37,99;37,99;;NE;EUR
Soft Deka 3 kg – 200x240 cm - 7;51965220684115;DomTex;;kom;37,99;;;;37,99;37,99;;DA;EUR
Soft Deka 3 kg – 200x240 cm - 8;51965220716883;DomTex;;kom;37,99;;;;37,99;37,99;;DA;EUR
Soft Deka 3 kg – 200x240 cm - 9;51965220749651;DomTex;;kom;37,99;;;;37,99;37,99;;DA;EUR
Soft Elegance ručnici - 2400g - 12 ručnika (50x100) / 1;52549845287251;DomTex;;kom;23,99;;;;23,99;23,99;;DA;EUR
Soft Elegance ručnici - 2400g - 12 ručnika (50x100) / 2;52549870092627;DomTex;;kom;23,99;;;;23,99;23,99;;DA;EUR
Soft Elegance ručnici - 2400g - 12 ručnika (50x100) / 3;52549870125395;DomTex;;kom;23,99;;;;23,99;23,99;;DA;EUR
Soft Elegance ručnici - 2400g - 12 ručnika (50x100) / 4;52549870158163;DomTex;;kom;23,99;;;;23,99;23,99;;DA;EUR
Soft Elegance ručnici - 2400g - 12 ručnika (50x100) / 5;52549870190931;DomTex;;kom;23,99;;;;23,99;23,99;;DA;EUR
Soft Elegance ručnici - 2400g - 6 ručnika (70x140) / 1;52549845320019;DomTex;;kom;23,99;;;;23,99;23,99;;DA;EUR
Soft Elegance ručnici - 2400g - 6 ručnika (70x140) / 2;52549869961555;DomTex;;kom;23,99;;;;23,99;23,99;;DA;EUR
Soft Elegance ručnici - 2400g - 6 ručnika (70x140) / 3;52549869994323;DomTex;;kom;23,99;;;;23,99;23,99;;DA;EUR
Soft Elegance ručnici - 2400g - 6 ručnika (70x140) / 4;52549870027091;DomTex;;kom;23,99;;;;23,99;23,99;;DA;EUR
Soft Elegance ručnici - 2400g - 6 ručnika (70x140) / 5;52549870059859;DomTex;;kom;23,99;;;;23,99;23,99;;DA;EUR
Solarna LED vanjska lampa sa senzorom pokreta SW-2800-4;50858871390547;Tekstilko;;kom;19,00;;;;19,00;19,00;;DA;EUR
Solarna LED vanjska lampa SW2015-PIR;50858871292243;Tekstilko;;kom;14,00;;;;14,00;14,00;;DA;EUR
Solarna LED Vanjska Lampa SW2800;50858871259475;Tekstilko;;kom;14,00;;;;14,00;14,00;;DA;EUR
Solarna LED vanjska lampa SW2800-2 s senzorom pokreta;50858871095635;Tekstilko;;kom;14,00;;;;14,00;14,00;;DA;EUR
Solarna LED vanjska lampa W2013-PIR;50858871062867;Tekstilko;;kom;18,00;;;;18,00;18,00;;DA;EUR
Solarne LED vrtne svjetiljke - Set 12 kom;50858870997331;Tekstilko;;kom;19,99;;;;19,99;19,99;;DA;EUR
Solarne LED vrtne svjetiljke - Set 4 kom;50858870931795;Tekstilko;;kom;9,99;;;;9,99;9,99;;DA;EUR
Solarne LED vrtne svjetiljke - Set 8 kom;50858870964563;Tekstilko;;kom;14,99;;;;14,99;14,99;;DA;EUR
Solarno LED svjetlo za vanjsku upotrebu IC-SW6080-PIR;50858870800723;Tekstilko;;kom;13,99;;;;13,99;13,99;;DA;EUR
Solarno LED svjetlo za vanjsku upotrebu IC-SW6081-PIR;50858870767955;Tekstilko;;kom;18,99;;;;18,99;18,99;;DA;EUR
Solarno LED svjetlo za vanjsku upotrebu SW2012-PIR;50858870735187;Tekstilko;;kom;13,99;;;;13,99;13,99;;DA;EUR
stereo slušalice s mikrofonom A-625 - bijela;53580815073619;KIKY STORE;;kom;16,90;;;;16,90;16,90;;DA;EUR
stereo slušalice s mikrofonom A-625 - crna;53580815106387;KIKY STORE;;kom;16,90;;;;16,90;16,90;;DA;EUR
stereo slušalice s mikrofonom A-625 - roza;53580815139155;KIKY STORE;;kom;16,90;;;;16,90;16,90;;DA;EUR
stereo slušalice s mikrofonom A-625 - zelena;53580815171923;KIKY STORE;;kom;16,90;;;;16,90;16,90;;DA;EUR
Stereo žične slušalice E033 s 3.5mm priključkom;53580815040851;KIKY STORE;;kom;6,50;;;;6,50;6,50;;DA;EUR
Stereo žične slušalice TC-10 s Type-C priključkom;53580815008083;KIKY STORE;;kom;8,00;;;;8,00;8,00;;DA;EUR
Stolna LED lampa – moderna metalna dekorativna rasvjeta;51126645686611;Tekstilko;;kom;19,99;;;;19,99;19,99;;DA;EUR
Stolna LED lampa DL-32;50858870571347;Tekstilko;;kom;15,99;;;;15,99;15,99;;DA;EUR
SVJETILJKA PUZ SA ZVUČNIKOM K25 LED;143323;KIKY STORE;;kom;28,90;;;;28,90;28,90;;DA;EUR
Svjetleća deka - 1;51663014134099;DomTex;;kom;19,99;;;;19,99;19,99;;DA;EUR
Svjetleća deka - 10;51663014429011;DomTex;;kom;19,99;;;;19,99;19,99;;DA;EUR
Svjetleća deka - 11;51663014461779;DomTex;;kom;19,99;;;;19,99;19,99;;DA;EUR
Svjetleća deka - 2;51663014166867;DomTex;;kom;19,99;;;;19,99;19,99;;DA;EUR
Svjetleća deka - 3;51663014199635;DomTex;;kom;19,99;;;;19,99;19,99;;DA;EUR
Svjetleća deka - 4;51663014232403;DomTex;;kom;19,99;;;;19,99;19,99;;DA;EUR
Svjetleća deka - 5;51663014265171;DomTex;;kom;19,99;;;;19,99;19,99;;DA;EUR
Svjetleća deka - 6;51663014297939;DomTex;;kom;19,99;;;;19,99;19,99;;DA;EUR
Svjetleća deka - 7;51663014330707;DomTex;;kom;19,99;;;;19,99;19,99;;DA;EUR
Svjetleća deka - 8;51663014363475;DomTex;;kom;19,99;;;;19,99;19,99;;DA;EUR
Svjetleća deka - 9;51663014396243;DomTex;;kom;19,99;;;;19,99;19,99;;DA;EUR
Tematske kuhinjske krpe - Kava;51613183377747;DomTex;;kom;13,99;;;;13,99;13,99;;DA;EUR
Tematske kuhinjske krpe - Lavanda;51613183410515;DomTex;;kom;13,99;;;;13,99;13,99;;DA;EUR
Tematske kuhinjske krpe - Maslina;51613183344979;DomTex;;kom;13,99;;;;13,99;13,99;;DA;EUR
Tematske kuhinjske krpe - Srce;51613183443283;DomTex;;kom;13,99;;;;13,99;13,99;;DA;EUR
Tematske kuhinjske krpe - Voće;51613183312211;DomTex;;kom;13,99;;;;13,99;13,99;;DA;EUR
Udobna sjedalica za stolicu – 35 cm - Bordo / 4;52111768944979;DomTex;;kom;28,99;;;;28,99;28,99;;DA;EUR
Udobna sjedalica za stolicu – 35 cm - Bordo / 6;52111768977747;DomTex;;kom;37,99;;;;37,99;37,99;;DA;EUR
Udobna sjedalica za stolicu – 35 cm - Bordo / 8;52111769010515;DomTex;;kom;46,99;;;;46,99;46,99;;DA;EUR
Udobna sjedalica za stolicu – 35 cm - Narančasta / 4;52111769043283;DomTex;;kom;28,99;;;;28,99;28,99;;DA;EUR
Udobna sjedalica za stolicu – 35 cm - Narančasta / 6;52111769076051;DomTex;;kom;37,99;;;;37,99;37,99;;DA;EUR
Udobna sjedalica za stolicu – 35 cm - Narančasta / 8;52111769108819;DomTex;;kom;46,99;;;;46,99;46,99;;DA;EUR
Udobna sjedalica za stolicu – 35 cm - Plava / 4;52111768453459;DomTex;;kom;28,99;;;;28,99;28,99;;DA;EUR
Udobna sjedalica za stolicu – 35 cm - Plava / 6;52111768486227;DomTex;;kom;37,99;;;;37,99;37,99;;DA;EUR
Udobna sjedalica za stolicu – 35 cm - Plava / 8;52111768518995;DomTex;;kom;46,99;;;;46,99;46,99;;DA;EUR
Udobna sjedalica za stolicu – 35 cm - Roza / 4;52111768551763;DomTex;;kom;28,99;;;;28,99;28,99;;DA;EUR
Udobna sjedalica za stolicu – 35 cm - Roza / 6;52111768584531;DomTex;;kom;37,99;;;;37,99;37,99;;DA;EUR
Udobna sjedalica za stolicu – 35 cm - Roza / 8;52111768617299;DomTex;;kom;46,99;;;;46,99;46,99;;DA;EUR
Udobna sjedalica za stolicu – 35 cm - Siva / 4;52111768650067;DomTex;;kom;28,99;;;;28,99;28,99;;DA;EUR
Udobna sjedalica za stolicu – 35 cm - Siva / 6;52111768682835;DomTex;;kom;37,99;;;;37,99;37,99;;DA;EUR
Udobna sjedalica za stolicu – 35 cm - Siva / 8;52111768715603;DomTex;;kom;46,99;;;;46,99;46,99;;DA;EUR
Udobna sjedalica za stolicu – 35 cm - Tamnosiva / 4;52111768748371;DomTex;;kom;28,99;;;;28,99;28,99;;DA;EUR
Udobna sjedalica za stolicu – 35 cm - Tamnosiva / 6;52111768781139;DomTex;;kom;37,99;;;;37,99;37,99;;DA;EUR
Udobna sjedalica za stolicu – 35 cm - Tamnosiva / 8;52111768813907;DomTex;;kom;46,99;;;;46,99;46,99;;DA;EUR
Udobna sjedalica za stolicu – 35 cm - Zelena / 4;52111768846675;DomTex;;kom;28,99;;;;28,99;28,99;;DA;EUR
Udobna sjedalica za stolicu – 35 cm - Zelena / 6;52111768879443;DomTex;;kom;37,99;;;;37,99;37,99;;DA;EUR
Udobna sjedalica za stolicu – 35 cm - Zelena / 8;52111768912211;DomTex;;kom;46,99;;;;46,99;46,99;;DA;EUR
Ultra soft Karirana deka - 1 / 150x200;51902580556115;DomTex;;kom;17,99;;;;17,99;17,99;;DA;EUR
Ultra soft Karirana deka - 1 / 200x230;51902580523347;DomTex;;kom;19,99;;;;19,99;19,99;;DA;EUR
Ultra soft Karirana deka - 2 / 150x200;51902580621651;DomTex;;kom;17,99;;;;17,99;17,99;;DA;EUR
Ultra soft Karirana deka - 2 / 200x230;51902580588883;DomTex;;kom;19,99;;;;19,99;19,99;;DA;EUR
Ultra soft Karirana deka - 3 / 150x200;51902580687187;DomTex;;kom;17,99;;;;17,99;17,99;;DA;EUR
Ultra soft Karirana deka - 3 / 200x230;51902580654419;DomTex;;kom;19,99;;;;19,99;19,99;;DA;EUR
Ultra soft Karirana deka - 4 / 150x200;51902580752723;DomTex;;kom;17,99;;;;17,99;17,99;;DA;EUR
Ultra soft Karirana deka - 4 / 200x230;51902580719955;DomTex;;kom;19,99;;;;19,99;19,99;;DA;EUR
Višenamjenske žičane slušalice A-624 – 5 u 1;53580813599059;KIKY STORE;;kom;23,90;;;;23,90;23,90;;DA;EUR
Vodonepropusna navlaka za madrac - 180x200 cm;50858643816787;Tekstilko;;kom;18,99;;;;18,99;18,99;;DA;EUR
Vodonepropusna navlaka za madrac - 200x200 cm;50858643849555;Tekstilko;;kom;19,99;;;;19,99;19,99;;DA;EUR
Wave deka - 1 / 150x200;52998694732115;Tekstilko;;kom;18,99;;;;18,99;18,99;;DA;EUR
Wave deka - 1 / 200x230;52998694699347;Tekstilko;;kom;20,99;;;;20,99;20,99;;DA;EUR
Wave deka - 2 / 150x200;52998694797651;Tekstilko;;kom;18,99;;;;18,99;18,99;;DA;EUR
Wave deka - 2 / 200x230;52998694764883;Tekstilko;;kom;20,99;;;;20,99;20,99;;DA;EUR
Wave deka - 3 / 150x200;52998694863187;Tekstilko;;kom;18,99;;;;18,99;18,99;;DA;EUR
Wave deka - 3 / 200x230;52998694830419;Tekstilko;;kom;20,99;;;;20,99;20,99;;DA;EUR
Wave deka - 4 / 150x200;52998694928723;Tekstilko;;kom;18,99;;;;18,99;18,99;;DA;EUR
Wave deka - 4 / 200x230;52998694895955;Tekstilko;;kom;20,99;;;;20,99;20,99;;DA;EUR
Wave deka - 5 / 150x200;52998694994259;Tekstilko;;kom;18,99;;;;18,99;18,99;;DA;EUR
Wave deka - 5 / 200x230;52998694961491;Tekstilko;;kom;20,99;;;;20,99;20,99;;DA;EUR
Wave deka - 6 / 150x200;52998695059795;Tekstilko;;kom;18,99;;;;18,99;18,99;;DA;EUR
Wave deka - 6 / 200x230;52998695027027;Tekstilko;;kom;20,99;;;;20,99;20,99;;DA;EUR
Wave deka - 7 / 150x200;52998695125331;Tekstilko;;kom;18,99;;;;18,99;18,99;;DA;EUR
Wave deka - 7 / 200x230;52998695092563;Tekstilko;;kom;20,99;;;;20,99;20,99;;DA;EUR
Wave deka - 8 / 150x200;52998695190867;Tekstilko;;kom;18,99;;;;18,99;18,99;;DA;EUR
Wave deka - 8 / 200x230;52998695158099;Tekstilko;;kom;20,99;;;;20,99;20,99;;DA;EUR
WiFi Gun Ball Kamera JT-9696;50858873782611;Tekstilko;;kom;40,00;;;;40,00;40,00;;DA;EUR
WiFi Solarna Kamera ABQ-Q1;50858873717075;Tekstilko;;kom;75,00;;;;75,00;75,00;;DA;EUR
Zamjenski Samsung Daljinski Model BN-01259B;53580842205523;New Science;;kom;13,90;;;;13,90;13,90;;DA;EUR
Zamjenski Samsung TV Daljinski Model AKB72915238;53580842008915;New Science;;kom;11,50;;;;11,50;11,50;;DA;EUR
Zamjenski Samsung TV Daljinski Upravljač Model AA59-00786A;53580841910611;New Science;;kom;9,99;;;;9,99;9,99;;DA;EUR
Zamjenski Samsung TV Daljinski Upravljač Model RM-D1078;53580841779539;New Science;;kom;12,90;;;;12,90;12,90;;DA;EUR
Zamjenski Sony TV Blu-Ray 3D Daljinski Upravljač RMT-TZ300A;53580841812307;New Science;;kom;16,70;;;;16,70;16,70;;DA;EUR
ZVUČNIK  MICRO KARAOKE K14 BIJELA;53580867699027;KIKY STORE;;kom;32,00;;;;32,00;32,00;;DA;EUR
ZVUČNIK 360 NSE-008;53580867600723;KIKY STORE;;kom;39,00;;;;39,00;39,00;;DA;EUR
ZVUČNIK BEŽIČNI K19;141916;KIKY STORE;;kom;24,90;;;;24,90;24,90;;DA;EUR
ZVUČNIK BEŽIČNI K21;142234;KIKY STORE;;kom;14,50;;;;14,50;14,50;;DA;EUR
ZVUČNIK BEŽIČNI K22;142500;KIKY STORE;;kom;18,90;;;;18,90;18,90;;DA;EUR
ZVUČNIK BEŽIČNI K23;142517;KIKY STORE;;kom;18,90;;;;18,90;18,90;;DA;EUR
ZVUČNIK BEŽIČNI K24;142524;KIKY STORE;;kom;22,50;;;;22,50;22,50;;DA;EUR
ZVUČNIK G SA BEŽIČNIM PUNJENJEM  K1;142913;KIKY STORE;;kom;24,00;;;;24,00;24,00;;DA;EUR
ZVUČNIK LED SA BEŽIČNIM PUNJENJEM I SATOM;53580867273043;KIKY STORE;;kom;29,90;;;;29,90;29,90;;DA;EUR
ZVUČNIK NSE-006 (Crveni);53580867207507;New Science;;kom;24,90;;;;24,90;24,90;;DA;EUR
ZVUČNIK NSE-006 (Zeleni);53580867174739;New Science;;kom;24,90;;;;24,90;24,90;;DA;EUR
ZVUČNIK NSE-007 Crveni;53580867141971;KIKY STORE;;kom;24,90;;;;24,90;24,90;;DA;EUR
ZVUČNIK NSE-007 Zeleni;53580867109203;KIKY STORE;;kom;23,90;;;;23,90;23,90;;DA;EUR
ZVUČNIK SA DVA MIKROFONA K11 BIJELA;53580867043667;KIKY STORE;;kom;34,90;;;;34,90;34,90;;DA;EUR
ZVUČNIK SA DVA MIKROFONA K11 CRNI;53580867010899;KIKY STORE;;kom;34,90;;;;34,90;34,90;;DA;EUR
ZVUČNIK SA MIKROFONOM K10 BIJELA;53580866912595;KIKY STORE;;kom;28,00;;;;28,00;28,00;;DA;EUR
ZVUČNIK SA mikrofonom K10 CRNI;53580866814291;KIKY STORE;;kom;28,00;;;;28,00;28,00;;DA;EUR
ZVUČNIK SA SVJETLOM LED K20;142227;KIKY STORE;;kom;17,50;;;;17,50;17,50;;DA;EUR
Žičane slušalice s mikrofonom A-638-1 – crne;53580814909779;KIKY STORE;;kom;18,90;;;;18,90;18,90;;DA;EUR
Žične stereo slušalice JS-030;53580814844243;KIKY STORE;;kom;6,50;;;;6,50;6,50;;DA;EUR
